10502709@N05|7,11,27|dpz839,dpz83m,dpz83m|Cultural,Cultural,Shopping|22,22,22|6,6,6|41,54,56|1180751261,1180762851,1180764509
10502709@N05|22,23,28|dpz83d,dpz83d,dpz83d|Beach,Shopping,Structure|21,21,21|7,7,7|5,2,7|1211649578,1211646745,1211651552
10502709@N05|21,22,23,28|dpz83e,dpz83d,dpz83d,dpz83d|Beach,Beach,Shopping,Structure|42,42,42,42|6,6,6,6|51,49,50,49|1255754920,1255753089,1255754148,1255753697
10627620@N06|3,23,27|dpz83s,dpz83d,dpz83m|Sport,Shopping,Shopping|11,11,11|2,2,2|41,47,49|1331605212,1331610377,1331612583
10627620@N06|21,23,30|dpz83e,dpz83d,dpz839|Beach,Shopping,Structure|12,12,12|6,6,6|27,31,42|1332543396,1332546308,1332556920
11090433@N05|3,22,23,30|dpz83s,dpz83d,dpz83d,dpz839|Sport,Beach,Shopping,Structure|40,40,40,40|6,7,6,7|85,38,88,29|1223126959,1223170932,1223128905,1223162520
11191102@N07|4,16,22|dpz832,dpz838,dpz83d|Sport,Amusement,Beach|4,4,4|6,6,6|31,31,53|1359157949,1359157638,1359177573
11191102@N07|11,23,27|dpz83m,dpz83d,dpz83m|Cultural,Shopping,Shopping|21,21,21|6,6,6|48,47,54|1369454965,1369453726,1369460177
11191102@N07|7,22,30|dpz839,dpz83d,dpz839|Cultural,Beach,Structure|50,50,50|6,6,6|59,64,60|1387003795,1387008510,1387004413
11241023@N03|7,22,28|dpz839,dpz83d,dpz83d|Cultural,Beach,Structure|38,38,38|3,3,3|48,55,60|1190174968,1190180739,1190185237
11349639@N00|4,16,30|dpz832,dpz838,dpz839|Sport,Amusement,Structure|22,22,22|1,1,1|94,94,95|1148917453,1148917293,1148917698
13273343@N00|8,16,30|dpz838,dpz838,dpz839|Cultural,Amusement,Structure|20,20,20|6,6,6|55,53,46|1116654998,1116653308,1116646263
13528098@N00|8,16,30|dpz838,dpz838,dpz839|Cultural,Amusement,Structure|13,13,13|6,6,6|39,39,60|1396057588,1396058111,1396077252
13644648@N03|1,4,6,7,8,11,16,22,23,24,28,29,30|dpz838,dpz832,dpz836,dpz839,dpz838,dpz83m,dpz838,dpz83d,dpz83d,dpz838,dpz83d,dpz83k,dpz839|Sport,Sport,Cultural,Cultural,Cultural,Cultural,Amusement,Beach,Shopping,Shopping,Structure,Structure,Structure|25,25,25,25,25,25,25,25,25,25,25,25,25|2,2,2,2,2,2,2,2,2,2,2,2,2|36,38,37,32,39,38,38,38,37,38,37,38,39|1371517315,1371519708,1371518365,1371514472,1371520749,1371519010,1371519708,1371519707,1371518368,1371519010,1371518366,1371519707,1371520751
13672753@N00|4,8,16,22|dpz832,dpz838,dpz838,dpz83d|Sport,Cultural,Amusement,Beach|35,35,35,35|3,3,3,3|72,64,68,78|1314785488,1314778424,1314782009,1314790758
13907834@N00|4,8,16|dpz832,dpz838,dpz838|Sport,Cultural,Amusement|7,7,7|6,6,6|28,37,37|1266621284,1266628674,1266629053
13907834@N00|11,21,27|dpz83m,dpz83e,dpz83m|Cultural,Beach,Shopping|11,11,11|1,1,1|59,57,59|1268635938,1268634484,1268635848
14391210@N00|6,22,30|dpz836,dpz83d,dpz839|Cultural,Beach,Structure|40,40,40|6,6,6|79,75,72|1223121003,1223117527,1223115278
14391210@N00|22,23,28,30|dpz83d,dpz83d,dpz83d,dpz839|Beach,Shopping,Structure,Structure|42,42,42,42|6,6,6,6|56,59,58,37|1224310452,1224312597,1224311455,1224292838
14878709@N00|16,23,28|dpz838,dpz83d,dpz83d|Amusement,Shopping,Structure|37,37,37|7,7,7|34,13,36|1221352960,1221334000,1221354769
16048448@N00|7,16,21,22,23,28,29,30|dpz839,dpz838,dpz83e,dpz83d,dpz83d,dpz83d,dpz83k,dpz839|Cultural,Amusement,Beach,Beach,Shopping,Structure,Structure,Structure|29,29,29,29,29,29,29,29|4,4,4,4,4,4,4,4|46,51,58,34,35,34,38,46|1184815990,1184820507,1184827323,1184805665,1184806322,1184805080,1184808995,1184816013
16326397@N02|11,16,23|dpz83m,dpz838,dpz83d|Cultural,Amusement,Shopping|25,25,25|5,5,5|90,73,95|1213972499,1213957572,1213977573
16693950@N00|16,22,23|dpz838,dpz83d,dpz83d|Amusement,Beach,Shopping|18,18,18|5,6,6|94,1,1|1241192161,1241194763,1241194866
16693950@N00|15,19,25|dpz81u,dpz81t,dpz835|Amusement,Beach,Shopping|23,23,23|5,5,5|37,38,26|1339118321,1339119461,1339108548
16693950@N00|7,8,16,21,22,23,28,30|dpz839,dpz838,dpz838,dpz83e,dpz83d,dpz83d,dpz83d,dpz839|Cultural,Cultural,Amusement,Beach,Beach,Shopping,Structure,Structure|25,25,25,25,25,25,25,25|2,2,2,2,2,2,2,2|61,61,61,75,60,60,60,61|1340090186,1340090206,1340090264,1340103471,1340089675,1340089788,1340089700,1340090650
16926694@N06|7,8,30|dpz839,dpz838,dpz839|Cultural,Cultural,Structure|9,9,9|4,4,4|51,49,48|1362027321,1362025417,1362024161
17373191@N00|1,8,21,22,28|dpz838,dpz838,dpz83e,dpz83d,dpz83d|Sport,Cultural,Beach,Beach,Structure|27,27,27,27,27|2,2,2,2,2|62,71,77,79,79|1372750857,1372758599,1372764005,1372766276,1372766056
18412989@N00|16,22,23|dpz838,dpz83d,dpz83d|Amusement,Beach,Shopping|24,24,24|6,6,6|86,85,85|1213450352,1213450124,1213449952
18412989@N00|21,23,24|dpz83e,dpz83d,dpz838|Beach,Shopping,Shopping|13,13,13|6,6,6|73,75,78|1270290444,1270291949,1270294917
18412989@N00|1,7,23|dpz838,dpz839,dpz83d|Sport,Cultural,Shopping|23,23,23|4,4,4|85,56,67|1370524979,1370498907,1370508737
18948547@N00|22,23,28|dpz83d,dpz83d,dpz83d|Beach,Shopping,Structure|49,49,49|6,6,6|66,57,61|1197102807,1197095381,1197098972
20075574@N00|6,22,25|dpz836,dpz83d,dpz835|Cultural,Beach,Shopping|28,28,28|6,6,6|33,26,31|1247271900,1247265060,1247270040
20342758@N00|4,8,16,23,24,28,30|dpz832,dpz838,dpz838,dpz83d,dpz838,dpz83d,dpz839|Sport,Cultural,Amusement,Shopping,Shopping,Structure,Structure|30,30,30,30,30,30,30|6,6,6,6,6,6,6|53,58,59,29,60,30,53|1312003305,1312008158,1312008338,1311981936,1312009422,1311982214,1312003597
20344209@N00|13,16,29|dpz82z,dpz838,dpz83k|Cultural,Amusement,Structure|36,36,36|2,2,2|44,53,57|1157425751,1157433350,1157437391
20456447@N03|1,7,8,16,21,22,30|dpz838,dpz839,dpz838,dpz838,dpz83e,dpz83d,dpz839|Sport,Cultural,Cultural,Amusement,Beach,Beach,Structure|20,20,20,20,20,20,20|5,5,5,5,5,5,5|60,57,59,59,65,56,57|1337324886,1337322464,1337323752,1337324144,1337329653,1337321115,1337321866
20456447@N03|4,7,8,16|dpz832,dpz839,dpz838,dpz838|Sport,Cultural,Cultural,Amusement|20,20,20,20|6,6,6,6|49,29,36,75|1337401397,1337383412,1337389361,1337424914
20456447@N03|3,6,22,29|dpz83s,dpz836,dpz83d,dpz83k|Sport,Cultural,Beach,Structure|20,20,20,20|7,7,7,7|28,31,38,29|1337468776,1337471653,1337477708,1337470153
20741443@N00|7,21,23,28,30|dpz839,dpz83e,dpz83d,dpz83d,dpz839|Cultural,Beach,Shopping,Structure,Structure|40,40,40,40,40|6,6,6,6,6|82,73,71,71,79|1160224452,1160216293,1160215087,1160214879,1160222178
20741443@N00|7,23,30|dpz839,dpz83d,dpz839|Cultural,Shopping,Structure|5,5,5|7,7,7|33,44,34|1170548979,1170558000,1170549893
20741443@N00|1,7,21|dpz838,dpz839,dpz83e|Sport,Cultural,Beach|1,1,1|5,5,5|80,80,79|1199448606,1199448522,1199447710
20741443@N00|7,22,23|dpz839,dpz83d,dpz83d|Cultural,Beach,Shopping|12,12,12|1,1,1|40,54,54|1237169658,1237182264,1237181691
20741443@N00|7,21,22,23,28|dpz839,dpz83e,dpz83d,dpz83d,dpz83d|Cultural,Beach,Beach,Shopping,Structure|40,40,40,40,40|7,7,7,7,7|10,2,7,15,11|1254595052,1254587761,1254592286,1254599331,1254596104
20741443@N00|7,23,28|dpz839,dpz83d,dpz83d|Cultural,Shopping,Structure|43,43,43|4,4,4|64,72,67|1256198822,1256205722,1256201821
20741443@N00|21,22,23|dpz83e,dpz83d,dpz83d|Beach,Beach,Shopping|43,43,43|7,7,7|56,57,56|1256450532,1256451407,1256450876
20741443@N00|21,28,30|dpz83e,dpz83d,dpz839|Beach,Structure,Structure|25,25,25|3,3,3|64,35,67|1277280559,1277253989,1277282803
20741443@N00|6,21,30|dpz836,dpz83e,dpz839|Cultural,Beach,Structure|26,26,26|3,3,3|69,62,61|1277890081,1277883455,1277882120
20741443@N00|21,23,28|dpz83e,dpz83d,dpz83d|Beach,Shopping,Structure|32,32,32|5,5,5|41,41,41|1281666535,1281666402,1281666140
20741443@N00|7,28,30|dpz839,dpz83d,dpz839|Cultural,Structure,Structure|37,37,37|4,4,4|62,63,64|1284622331,1284623583,1284624762
20741443@N00|7,21,22,23,30|dpz839,dpz83e,dpz83d,dpz83d,dpz839|Cultural,Beach,Beach,Shopping,Structure|38,38,38,38,38|4,4,4,4,4|67,81,86,82,67|1285231617,1285244771,1285248830,1285245851,1285231852
20741443@N00|7,21,23,28|dpz839,dpz83e,dpz83d,dpz83d|Cultural,Beach,Shopping,Structure|39,39,39,39|4,4,4,4|69,43,41,43|1285838619,1285814851,1285813611,1285815544
20741443@N00|21,23,28|dpz83e,dpz83d,dpz83d|Beach,Shopping,Structure|40,40,40|4,4,4|39,37,37|1286415941,1286414838,1286414565
20741443@N00|7,22,30|dpz839,dpz83d,dpz839|Cultural,Beach,Structure|46,46,46|4,4,4|58,40,59|1290062432,1290045883,1290063261
20741443@N00|7,21,23,28,30|dpz839,dpz83e,dpz83d,dpz83d,dpz839|Cultural,Beach,Shopping,Structure,Structure|47,47,47,47,47|1,1,1,1,1|75,73,74,74,57|1290422809,1290421042,1290422138,1290422480,1290407222
20741443@N00|7,23,28,30|dpz839,dpz83d,dpz83d,dpz839|Cultural,Shopping,Structure,Structure|48,48,48,48|2,2,2,2|37,39,37,57|1291079790,1291081961,1291080539,1291098305
20741443@N00|23,28,30|dpz83d,dpz83d,dpz839|Shopping,Structure,Structure|48,48,48|5,5,5|40,40,57|1291341600,1291341600,1291357480
20741443@N00|22,23,28|dpz83d,dpz83d,dpz83d|Beach,Shopping,Structure|51,51,51|1,1,1|40,39,39|1292810400,1292810071,1292810214
20741443@N00|7,23,28,30|dpz839,dpz83d,dpz83d,dpz839|Cultural,Shopping,Structure,Structure|51,51,51,51|2,2,2,2|40,40,61,61|1292896800,1292896800,1292915700,1292915700
20741443@N00|22,23,28|dpz83d,dpz83d,dpz83d|Beach,Shopping,Structure|52,52,52|5,5,5|64,55,67|1293782632,1293775096,1293785533
20741443@N00|16,23,30|dpz838,dpz83d,dpz839|Amusement,Shopping,Structure|8,8,8|5,5,5|74,42,76|1298630140,1298601354,1298632398
20741443@N00|1,7,30|dpz838,dpz839,dpz839|Sport,Cultural,Structure|11,11,11|5,5,5|58,57,58|1300430511,1300429533,1300430132
20741443@N00|7,8,30|dpz839,dpz838,dpz839|Cultural,Cultural,Structure|18,18,18|5,5,5|65,44,64|1304669700,1304650800,1304668800
20741443@N00|3,21,28|dpz83s,dpz83e,dpz83d|Sport,Beach,Structure|20,20,20|4,4,4|63,66,61|1305791667,1305794163,1305789983
20741443@N00|7,21,23|dpz839,dpz83e,dpz83d|Cultural,Beach,Shopping|24,24,24|2,2,2|46,64,65|1308022200,1308038400,1308039300
20741443@N00|7,22,30|dpz839,dpz83d,dpz839|Cultural,Beach,Structure|24,24,24|3,3,3|46,46,65|1308108600,1308108600,1308125700
20741443@N00|21,23,30|dpz83e,dpz83d,dpz839|Beach,Shopping,Structure|25,25,25|7,7,7|65,44,65|1309076100,1309057200,1309076100
20741443@N00|8,16,30|dpz838,dpz838,dpz839|Cultural,Amusement,Structure|36,36,36|6,6,6|44,62,44|1315623600,1315639800,1315623600
20741443@N00|22,23,30|dpz83d,dpz83d,dpz839|Beach,Shopping,Structure|39,39,39|7,7,7|4,8,13|1317488747,1317492458,1317497205
20741443@N00|7,11,21,22,23,28,30|dpz839,dpz83m,dpz83e,dpz83d,dpz83d,dpz83d,dpz839|Cultural,Cultural,Beach,Beach,Shopping,Structure,Structure|40,40,40,40,40,40,40|5,5,5,5,5,5,5|64,67,53,55,61,55,64|1317974400,1317977104,1317964560,1317966728,1317971700,1317966555,1317974400
20741443@N00|21,23,29|dpz83e,dpz83d,dpz83k|Beach,Shopping,Structure|46,46,46|5,5,5|69,64,42|1321608108,1321604023,1321583738
20741443@N00|7,21,30|dpz839,dpz83e,dpz839|Cultural,Beach,Structure|2,2,2|6,6,6|55,73,62|1326520163,1326536331,1326526846
20741443@N00|7,21,30|dpz839,dpz83e,dpz839|Cultural,Beach,Structure|6,6,6|4,4,4|64,60,65|1328774510,1328771258,1328775528
20741443@N00|21,27,29|dpz83e,dpz83m,dpz83k|Beach,Shopping,Structure|11,11,11|5,5,5|74,63,57|1331894055,1331883907,1331878951
20741443@N00|7,21,23,28|dpz839,dpz83e,dpz83d,dpz83d|Cultural,Beach,Shopping,Structure|11,11,11,11|6,6,6,6|59,72,79,78|1331967328,1331978618,1331984942,1331983981
20741443@N00|21,23,28|dpz83e,dpz83d,dpz83d|Beach,Shopping,Structure|47,47,47|5,5,5|62,62,62|1353655943,1353656506,1353656626
20741443@N00|23,28,30|dpz83d,dpz83d,dpz839|Shopping,Structure,Structure|51,51,51|3,3,3|64,63,61|1355904355,1355903417,1355901534
20741443@N00|7,21,30|dpz839,dpz83e,dpz839|Cultural,Beach,Structure|3,3,3|3,3,3|61,66,61|1358320990,1358325733,1358320835
20741443@N00|3,21,28|dpz83s,dpz83e,dpz83d|Sport,Beach,Structure|17,17,17|6,6,6|64,58,56|1367049899,1367045081,1367043154
20741443@N00|7,22,23,29|dpz839,dpz83d,dpz83d,dpz83k|Cultural,Beach,Shopping,Structure|40,40,40,40|7,7,7,7|20,2,4,8|1381007126,1380991455,1380993132,1380996875
20741443@N00|7,24,28|dpz839,dpz838,dpz83d|Cultural,Shopping,Structure|41,41,41|5,5,5|71,60,76|1381484969,1381475336,1381489836
20741443@N00|7,23,24,28|dpz839,dpz83d,dpz838,dpz83d|Cultural,Shopping,Shopping,Structure|11,11,11,11|2,2,2,2|59,63,38,69|1394520981,1394524544,1394502263,1394529396
22979982@N06|23,25,29|dpz83d,dpz835,dpz83k|Shopping,Shopping,Structure|15,15,15|7,7,7|55,55,55|1303019508,1303019276,1303019558
22996605@N05|7,8,16,30|dpz839,dpz838,dpz838,dpz839|Cultural,Cultural,Amusement,Structure|25,25,25,25|1,1,1,1|70,69,69,70|1308562699,1308561832,1308561961,1308562372
23119895@N00|7,8,16|dpz839,dpz838,dpz838|Cultural,Cultural,Amusement|31,31,31|2,2,2|51,64,60|1343710732,1343721921,1343718859
23269969@N00|6,8,16,30|dpz836,dpz838,dpz838,dpz839|Cultural,Cultural,Amusement,Structure|37,37,37,37|5,5,5,5|33,43,26,33|1221178525,1221187708,1221173007,1221179388
23339848@N00|11,13,30|dpz83m,dpz82z,dpz839|Cultural,Cultural,Structure|42,42,42|6,6,6|31,47,47|1224287692,1224301961,1224302234
23908938@N02|4,22,30|dpz832,dpz83d,dpz839|Sport,Beach,Structure|32,32,32|6,6,6|48,51,49|1249704601,1249707088,1249705565
23908938@N02|7,16,28,30|dpz839,dpz838,dpz83d,dpz839|Cultural,Amusement,Structure,Structure|33,33,33,33|1,1,1,1|53,68,77,54|1249881647,1249895293,1249903785,1249882827
23908938@N02|11,13,16|dpz83m,dpz82z,dpz838|Cultural,Cultural,Amusement|27,27,27|4,4,4|51,52,28|1278564328,1278566048,1278544392
23987663@N00|11,21,22,23|dpz83m,dpz83e,dpz83d,dpz83d|Cultural,Beach,Beach,Shopping|40,40,40,40|6,6,6,6|83,90,89,89|1223125162,1223131001,1223129769,1223130368
23987663@N00|10,21,22,28|dpz86j,dpz83e,dpz83d,dpz83d|Cultural,Beach,Beach,Structure|40,40,40,40|6,6,6,6|82,89,93,90|1254573209,1254580106,1254583311,1254581097
23987663@N00|22,23,28|dpz83d,dpz83d,dpz83d|Beach,Shopping,Structure|39,39,39|6,6,6|91,90,94|1317481105,1317480026,1317483584
24395354@N02|6,11,26|dpz836,dpz83m,dpz8b0|Cultural,Cultural,Shopping|8,8,8|6,6,6|38,39,58|1267234989,1267235662,1267252728
24616128@N00|8,23,29|dpz838,dpz83d,dpz83k|Cultural,Shopping,Structure|39,39,39|3,3,3|38,41,32|1253669507,1253672817,1253664073
24854893@N00|11,24,25,30|dpz83m,dpz838,dpz835,dpz839|Cultural,Shopping,Shopping,Structure|16,16,16,16|1,1,1,1|49,34,35,50|1239596310,1239583251,1239584322,1239597120
24854893@N00|16,24,25|dpz838,dpz838,dpz835|Amusement,Shopping,Shopping|25,25,25|1,1,1|51,54,51|1308545680,1308547915,1308545184
25133522@N00|8,13,21,24|dpz838,dpz82z,dpz83e,dpz838|Cultural,Cultural,Beach,Shopping|27,27,27,27|4,4,4,4|76,68,57,77|1215083416,1215076092,1215066353,1215083949
25561968@N00|4,8,16|dpz832,dpz838,dpz838|Sport,Cultural,Amusement|41,41,41|7,7,7|70,64,70|1350207738,1350201713,1350207824
25802393@N02|4,7,8,16,23,30|dpz832,dpz839,dpz838,dpz838,dpz83d,dpz839|Sport,Cultural,Cultural,Amusement,Shopping,Structure|17,17,17,17,17,17|6,6,6,6,6,6|73,69,74,75,68,69|1367058133,1367054530,1367059164,1367059991,1367053682,1367054915
25846522@N00|1,22,23,28|dpz838,dpz83d,dpz83d,dpz83d|Sport,Beach,Shopping,Structure|32,32,32,32|2,2,2,2|42,32,31,33|1281407647,1281398999,1281398390,1281399753
26195569@N00|6,11,27|dpz836,dpz83m,dpz83m|Cultural,Cultural,Shopping|39,39,39|6,6,6|81,75,78|1191068993,1191063112,1191065865
26240579@N05|16,21,28,30|dpz838,dpz83e,dpz83d,dpz839|Amusement,Beach,Structure,Structure|32,32,32,32|6,6,6,6|31,70,43,35|1344642894,1344677437,1344653156,1344646302
26344918@N04|1,7,22,28|dpz838,dpz839,dpz83d,dpz83d|Sport,Cultural,Beach,Structure|28,28,28,28|6,6,5,5|2,2,88,87|1310747531,1310748231,1310738755,1310738104
26736723@N00|4,8,16|dpz832,dpz838,dpz838|Sport,Cultural,Amusement|5,5,5|4,4,4|43,42,45|1359601174,1359599984,1359602233
27008470@N00|8,22,30|dpz838,dpz83d,dpz839|Cultural,Beach,Structure|8,8,8|7,7,7|63,61,62|1140940063,1140938215,1140939537
27031977@N04|22,23,28|dpz83d,dpz83d,dpz83d|Beach,Shopping,Structure|27,27,27|2,2,2|51,52,51|1214887893,1214888788,1214887528
27168489@N00|8,16,21,22,23,28|dpz838,dpz838,dpz83e,dpz83d,dpz83d,dpz83d|Cultural,Amusement,Beach,Beach,Shopping,Structure|18,18,18,18,18,18|1,1,1,1,1,1|42,42,55,50,52,50|1304303778,1304303495,1304315802,1304311408,1304313194,1304310840
27895744@N00|1,8,16|dpz838,dpz838,dpz838|Sport,Cultural,Amusement|2,2,2|3,3,3|71,51,56|1199872434,1199854750,1199858617
27947906@N08|13,16,24|dpz82z,dpz838,dpz838|Cultural,Amusement,Shopping|28,28,28|3,3,3|57,39,40|1215584316,1215567985,1215568956
28157992@N03|1,15,19|dpz838,dpz81u,dpz81t|Sport,Amusement,Beach|26,26,26|6,6,6|77,65,73|1341055580,1341044354,1341051456
28288718@N03|21,27,30|dpz83e,dpz83m,dpz839|Beach,Shopping,Structure|6,6,6|4,4,4|46,44,43|1360208391,1360206638,1360205175
28288718@N03|23,28,30|dpz83d,dpz83d,dpz839|Shopping,Structure,Structure|20,20,20|4,4,4|44,59,39|1368673718,1368687198,1368669385
29352917@N00|16,22,23,28|dpz838,dpz83d,dpz83d,dpz83d|Amusement,Beach,Shopping,Structure|19,19,19,19|4,4,4,4|32,42,39,41|1305158805,1305167894,1305164871,1305166603
29352917@N00|16,29,30|dpz838,dpz83k,dpz839|Amusement,Structure,Structure|19,19,19|5,5,5|71,73,66|1305280694,1305282167,1305275885
29352917@N00|6,23,25|dpz836,dpz83d,dpz835|Cultural,Shopping,Shopping|19,19,19|6,6,6|43,50,35|1305341720,1305347588,1305334737
29619840@N00|4,8,16|dpz832,dpz838,dpz838|Sport,Cultural,Amusement|7,7,7|7,7,7|45,43,47|1234667789,1234666198,1234669889
30624156@N00|7,8,16,30|dpz839,dpz838,dpz838,dpz839|Cultural,Cultural,Amusement,Structure|25,25,25,25|1,1,1,1|70,69,68,70|1277112898,1277112103,1277111687,1277112607
30624156@N00|21,22,23,28|dpz83e,dpz83d,dpz83d,dpz83d|Beach,Beach,Shopping,Structure|25,25,25,25|7,7,7,7|49,50,52,52|1277612578,1277613837,1277615318,1277615137
30624156@N00|7,22,27,28,30|dpz839,dpz83d,dpz83m,dpz83d,dpz839|Cultural,Beach,Shopping,Structure,Structure|39,39,39,39,39|6,6,6,6,6|77,81,90,81,78|1286018425,1286022563,1286030627,1286022401,1286019538
30855862@N07|1,7,16|dpz838,dpz839,dpz838|Sport,Cultural,Amusement|26,26,26|2,2,2|56,48,59|1245737156,1245729930,1245739626
31114347@N05|8,24,30|dpz838,dpz838,dpz839|Cultural,Shopping,Structure|27,27,27|6,6,6|64,58,65|1246694625,1246689124,1246695869
31349854@N00|22,23,25|dpz83d,dpz83d,dpz835|Beach,Shopping,Shopping|36,36,36|6,6,6|54,53,59|1315633426,1315632024,1315637558
32044903@N04|7,27,28|dpz839,dpz83m,dpz83d|Cultural,Shopping,Structure|9,9,9|6,6,6|7,7,7|1299261498,1299261468,1299261416
32781576@N04|22,25,28|dpz83d,dpz835,dpz83d|Beach,Shopping,Structure|38,38,38|6,6,6|63,68,58|1379749686,1379754562,1379745525
32827327@N03|6,11,20,24,25,30|dpz836,dpz83m,dpz2rc,dpz838,dpz835,dpz839|Cultural,Cultural,Beach,Shopping,Shopping,Structure|41,41,41,41,41,41|5,5,5,5,5,5|22,31,19,42,26,37|1349991430,1349999363,1349988336,1350009164,1349994936,1350005397
32934461@N00|8,16,21,30|dpz838,dpz838,dpz83e,dpz839|Cultural,Amusement,Beach,Structure|22,22,22,22|2,2,2,2|60,54,86,50|1275376129,1275370849,1275399323,1275366743
32944866@N04|11,22,29|dpz83m,dpz83d,dpz83k|Cultural,Beach,Structure|16,16,16|6,6,6|39,35,36|1334973097,1334969461,1334970873
33182025@N00|7,19,21,23|dpz839,dpz81t,dpz83e,dpz83d|Cultural,Beach,Beach,Shopping|33,33,33,33|6,6,6,6|55,52,57,55|1187416585,1187413235,1187418200,1187416787
33473816@N00|8,22,30|dpz838,dpz83d,dpz839|Cultural,Beach,Structure|21,21,21|6,6,6|44,40,46|1338001641,1337998110,1338003046
33473816@N00|7,27,30|dpz839,dpz83m,dpz839|Cultural,Shopping,Structure|20,20,20|3,3,3|24,38,61|1368569293,1368582039,1368602327
33547369@N00|22,23,28|dpz83d,dpz83d,dpz83d|Beach,Shopping,Structure|23,23,23|6,6,6|54,58,57|1181367120,1181370916,1181370078
33547369@N00|21,22,23|dpz83e,dpz83d,dpz83d|Beach,Beach,Shopping|12,12,12|5,5,5|44,51,50|1206068534,1206074801,1206074524
33906853@N00|1,22,29|dpz838,dpz83d,dpz83k|Sport,Beach,Structure|12,12,12|5,5,5|67,52,54|1237539008,1237525529,1237527721
34128007@N04|1,4,8,16,29|dpz838,dpz832,dpz838,dpz838,dpz83k|Sport,Sport,Cultural,Amusement,Structure|38,38,38,38,38|3,3,3,3,3|44,44,34,48,47|1348024141,1348023764,1348015374,1348027596,1348026662
34211328@N00|4,24,30|dpz832,dpz838,dpz839|Sport,Shopping,Structure|21,21,21|4,4,4|58,42,39|1242887916,1242873461,1242871053
34211328@N00|21,22,23|dpz83e,dpz83d,dpz83d|Beach,Beach,Shopping|35,35,35|2,2,2|77,58,59|1251199767,1251182312,1251183108
34211328@N00|2,14,17|dpz80z,dpz80z,dpz80z|Sport,Amusement,Amusement|35,35,35|4,4,4|51,61,73|1251349037,1251357821,1251368286
34211328@N00|2,14,17|dpz80z,dpz80z,dpz80z|Sport,Amusement,Amusement|37,37,37|1,1,1|61,61,39|1252307732,1252308216,1252288220
34211328@N00|6,11,22,23,29|dpz836,dpz83m,dpz83d,dpz83d,dpz83k|Cultural,Cultural,Beach,Shopping,Structure|40,40,40,40,40|6,6,6,6,6|79,76,85,83,77|1254571046,1254568383,1254575986,1254574263,1254569164
34211328@N00|8,13,16|dpz838,dpz82z,dpz838|Cultural,Cultural,Amusement|3,3,3|4,4,4|24,47,30|1264025166,1264045567,1264030979
34211328@N00|7,21,22,23,30|dpz839,dpz83e,dpz83d,dpz83d,dpz839|Cultural,Beach,Beach,Shopping,Structure|16,16,16,16,16|5,5,5,5,5|68,54,43,56,69|1303463671,1303451090,1303440830,1303452256,1303464353
34211328@N00|7,28,29|dpz839,dpz83d,dpz83k|Cultural,Structure,Structure|17,17,17|6,6,6|39,41,53|1304128176,1304129941,1304141225
34314322@N00|16,22,28,29,30|dpz838,dpz83d,dpz83d,dpz83k,dpz839|Amusement,Beach,Structure,Structure,Structure|30,30,30,30,30|4,4,4,4,4|74,61,61,65,68|1090493036,1090480902,1090481347,1090484499,1090487121
34608255@N08|7,11,22|dpz839,dpz83m,dpz83d|Cultural,Cultural,Beach|52,52,52|3,3,3|34,33,33|1325032805,1325032001,1325031466
34619038@N00|6,22,28|dpz836,dpz83d,dpz83d|Cultural,Beach,Structure|32,32,32|5,5,5|64,49,50|1060330234,1060316257,1060317256
34961066@N00|11,21,23|dpz83m,dpz83e,dpz83d|Cultural,Beach,Shopping|39,39,39|6,6,6|88,88,88|1191074402,1191074411,1191074401
35034348378@N01|1,8,16,21,22,28,30|dpz838,dpz838,dpz838,dpz83e,dpz83d,dpz83d,dpz839|Sport,Cultural,Amusement,Beach,Beach,Structure,Structure|25,25,25,25,25,25,25|1,1,1,1,1,1,1|67,68,69,59,57,57,67|1245056039,1245056503,1245057366,1245048369,1245046963,1245047199,1245055691
35107151@N04|6,7,22|dpz836,dpz839,dpz83d|Cultural,Cultural,Beach|42,42,42|5,5,5|67,30,52|1350637179,1350603069,1350622921
35237095252@N01|4,7,16,30|dpz832,dpz839,dpz838,dpz839|Sport,Cultural,Amusement,Structure|12,12,12,12|7,7,7,7|68,67,68,67|1301216901,1301215843,1301216925,1301215937
35468159247@N01|6,16,21,24,30|dpz836,dpz838,dpz83e,dpz838,dpz839|Cultural,Amusement,Beach,Shopping,Structure|18,18,18,18,18|3,3,3,3,3|58,52,59,51,53|1209537597,1209531934,1209538761,1209530778,1209532847
35468159247@N01|21,22,23|dpz83e,dpz83d,dpz83d|Beach,Beach,Shopping|18,18,18|5,5,5|58,59,54|1209710338,1209710869,1209706736
35764233@N00|1,13,21,22,23|dpz838,dpz82z,dpz83e,dpz83d,dpz83d|Sport,Cultural,Beach,Beach,Shopping|52,52,52,52,52|5,5,5,5,5|67,53,59,80,36|1167382499,1167369578,1167374905,1167393786,1167354115
35764233@N00|16,21,22|dpz838,dpz83e,dpz83d|Amusement,Beach,Beach|5,5,5|2,2,2|64,58,66|1170144062,1170139266,1170146430
36357702@N08|4,7,8,16,22,28,30|dpz832,dpz839,dpz838,dpz838,dpz83d,dpz83d,dpz839|Sport,Cultural,Cultural,Amusement,Beach,Structure,Structure|44,44,44,44,44,44,44|2,2,2,2,2,2,2|25,23,28,25,30,29,24|1225145865,1225144192,1225148498,1225145996,1225150606,1225150085,1225144853
37517876@N07|11,23,27|dpz83m,dpz83d,dpz83m|Cultural,Shopping,Shopping|17,17,17|7,7,7|53,63,59|1240723407,1240732174,1240729037
37517876@N07|1,6,7,21|dpz838,dpz836,dpz839,dpz83e|Sport,Cultural,Cultural,Beach|23,23,23,23|5,5,5,5|84,69,83,68|1244207501,1244193712,1244206584,1244192400
37517876@N07|1,7,30|dpz838,dpz839,dpz839|Sport,Cultural,Structure|27,27,27|2,2,2|63,64,69|1246348698,1246349376,1246353830
37517876@N07|21,22,24,28|dpz83e,dpz83d,dpz838,dpz83d|Beach,Beach,Shopping,Structure|29,29,29,29|6,6,6,6|63,53,48,52|1247903568,1247894737,1247890025,1247893500
37804979@N00|16,21,22,28|dpz838,dpz83e,dpz83d,dpz83d|Amusement,Beach,Beach,Structure|36,36,36,36|1,1,1,1|76,46,50,49|1346670270,1346643548,1346647291,1346646419
37996606796@N01|8,16,24|dpz838,dpz838,dpz838|Cultural,Amusement,Shopping|41,41,41|1,1,1|40,43,39|1160360092,1160362788,1160358868
39038071@N00|6,22,25|dpz836,dpz83d,dpz835|Cultural,Beach,Shopping|16,16,16|5,5,5|60,59,58|1114153421,1114153014,1114152074
39357749@N00|7,16,30|dpz839,dpz838,dpz839|Cultural,Amusement,Structure|3,3,3|6,6,6|77,79,77|1169292140,1169294321,1169292267
39460517@N03|2,14,17|dpz80z,dpz80z,dpz80z|Sport,Amusement,Amusement|36,36,36|1,1,1|57,57,78|1251699343,1251699709,1251718866
39460517@N03|21,22,23,28|dpz83e,dpz83d,dpz83d,dpz83d|Beach,Beach,Shopping,Structure|37,37,37,37|6,6,6,6|68,61,62,62|1252746010,1252740538,1252741397,1252740683
39460517@N03|21,22,28|dpz83e,dpz83d,dpz83d|Beach,Beach,Structure|40,40,40|4,4,4|78,46,43|1254397490,1254368378,1254365689
39460517@N03|21,22,23,28|dpz83e,dpz83d,dpz83d,dpz83d|Beach,Beach,Shopping,Structure|40,40,40,40|6,6,6,6|73,76,74,77|1254565684,1254568144,1254566521,1254568765
39587684@N00|7,8,30|dpz839,dpz838,dpz839|Cultural,Cultural,Structure|35,35,35|1,1,1|48,48,48|1188187714,1188187637,1188187632
39587684@N00|1,7,25|dpz838,dpz839,dpz835|Sport,Cultural,Shopping|36,36,36|6,6,6|64,64,57|1220688084,1220688166,1220681969
39587684@N00|22,23,28|dpz83d,dpz83d,dpz83d|Beach,Shopping,Structure|28,28,28|6,6,6|40,37,40|1279332269,1279329624,1279332205
41721440@N00|21,23,28|dpz83e,dpz83d,dpz83d|Beach,Shopping,Structure|46,46,46|3,3,3|53,50,55|1289971680,1289968610,1289972789
43139087@N00|7,24,30|dpz839,dpz838,dpz839|Cultural,Shopping,Structure|1,1,1|2,2,2|38,36,38|1136252168,1136250440,1136252064
43334562@N00|7,21,23|dpz839,dpz83e,dpz83d|Cultural,Beach,Shopping|22,22,22|7,7,7|33,42,42|1212279759,1212288263,1212287511
43919105@N02|22,23,28|dpz83d,dpz83d,dpz83d|Beach,Shopping,Structure|11,11,11|2,2,2|87,87,87|1300197204,1300197221,1300197197
44124367252@N01|4,6,16|dpz832,dpz836,dpz838|Sport,Cultural,Amusement|47,47,47|5,5,5|79,50,59|1353671100,1353645814,1353653508
44359705@N07|4,16,21,30|dpz832,dpz838,dpz83e,dpz839|Sport,Amusement,Beach,Structure|5,5,5,5|7,7,7,7|32,32,52,32|1328400038,1328400242,1328418503,1328400164
44654079@N05|6,22,28|dpz836,dpz83d,dpz83d|Cultural,Beach,Structure|4,4,4|3,3,3|52,53,54|1358918023,1358918861,1358919709
44925192@N00|4,7,16,21,30|dpz832,dpz839,dpz838,dpz83e,dpz839|Sport,Cultural,Amusement,Beach,Structure|18,18,18,18,18|3,3,3,3,3|42,40,49,39,40|1367376081,1367373983,1367381742,1367373177,1367374068
46769540@N00|6,22,28|dpz836,dpz83d,dpz83d|Cultural,Beach,Structure|50,50,50|7,7,7|50,47,47|1197779633,1197777215,1197776938
47501960@N00|3,23,28|dpz83s,dpz83d,dpz83d|Sport,Shopping,Structure|51,51,51|7,7,7|69,30,37|1356254157,1356219374,1356225658
47501960@N00|21,23,27|dpz83e,dpz83d,dpz83m|Beach,Shopping,Shopping|52,52,52|3,3,3|78,25,36|1356521823,1356473763,1356484278
47554402@N00|21,23,28|dpz83e,dpz83d,dpz83d|Beach,Shopping,Structure|3,3,3|5,5,5|49,48,51|1295584047,1295583262,1295585326
47616704@N00|4,6,7,16,22,24,30|dpz832,dpz836,dpz839,dpz838,dpz83d,dpz838,dpz839|Sport,Cultural,Cultural,Amusement,Beach,Shopping,Structure|31,31,31,31,31,31,31|2,2,2,2,2,2,2|92,93,92,92,79,92,93|1248793772,1248794152,1248793894,1248793847,1248781825,1248793814,1248794354
48085290@N00|7,16,30|dpz839,dpz838,dpz839|Cultural,Amusement,Structure|10,10,10|6,6,6|47,45,38|1142049588,1142047671,1142041312
48453097@N00|21,25,28|dpz83e,dpz835,dpz83d|Beach,Shopping,Structure|31,31,31|5,5,5|61,57,48|1217575567,1217571801,1217563483
48678427@N06|6,21,22,28,29|dpz836,dpz83e,dpz83d,dpz83d,dpz83k|Cultural,Beach,Beach,Structure,Structure|44,44,44,44,44|4,4,4,4,4|68,72,70,71,66|1383210489,1383214046,1383212038,1383212883,1383208212
48784629@N00|4,8,16|dpz832,dpz838,dpz838|Sport,Cultural,Amusement|8,8,8|6,6,6|35,39,48|1203727866,1203731288,1203739404
49503002894@N01|3,8,22|dpz83s,dpz838,dpz83d|Sport,Cultural,Beach|22,22,22|5,5,5|77,68,74|1369999444,1369991606,1369996230
49503002894@N01|8,19,22|dpz838,dpz81t,dpz83d|Cultural,Beach,Beach|22,22,22|6,6,6|46,63,64|1370057493,1370073197,1370074247
49503002894@N01|8,16,22|dpz838,dpz838,dpz83d|Cultural,Amusement,Beach|22,22,22|7,7,7|50,41,75|1370147602,1370139487,1370170761
49877040@N03|4,16,25|dpz832,dpz838,dpz835|Sport,Amusement,Shopping|33,33,33|2,2,2|59,65,83|1282027754,1282033186,1282049635
49894734@N00|21,22,23|dpz83e,dpz83d,dpz83d|Beach,Beach,Shopping|51,51,51|6,6,6|62,72,66|1229758707,1229767806,1229762589
50542255@N00|7,16,28|dpz839,dpz838,dpz83d|Cultural,Amusement,Structure|35,35,35|1,1,1|61,53,70|1188199750,1188192474,1188207584
50642338@N00|11,27,30|dpz83m,dpz83m,dpz839|Cultural,Shopping,Structure|14,14,14|7,7,7|40,40,55|1175997964,1175998342,1176011375
51035610516@N01|4,8,16,21,30|dpz832,dpz838,dpz838,dpz83e,dpz839|Sport,Cultural,Amusement,Beach,Structure|29,29,29,29,29|1,1,1,1,1|75,73,80,68,70|1216032812,1216031227,1216037185,1216026329,1216027906
51035681908@N01|4,11,16,21,22,25|dpz832,dpz83m,dpz838,dpz83e,dpz83d,dpz835|Sport,Cultural,Amusement,Beach,Beach,Shopping|16,16,16,16,16,16|7,7,7,7,7,7|38,48,38,28,29,41|1208655167,1208664276,1208655547,1208646038,1208647492,1208658334
51035729697@N01|6,7,30|dpz836,dpz839,dpz839|Cultural,Cultural,Structure|24,24,24|4,4,4|32,29,30|1308182817,1308180496,1308181278
51260381@N05|7,25,30|dpz839,dpz835,dpz839|Cultural,Shopping,Structure|25,25,25|6,6,6|61,50,61|1277537371,1277526969,1277536628
53874606@N00|1,8,16|dpz838,dpz838,dpz838|Sport,Cultural,Amusement|22,22,22|4,4,4|86,84,83|1369921161,1369919551,1369918311
54058873@N00|3,8,21,22,23,28|dpz83s,dpz838,dpz83e,dpz83d,dpz83d,dpz83d|Sport,Cultural,Beach,Beach,Shopping,Structure|47,47,47,47,47,47|6,6,6,6,6,6|85,77,84,83,84,83|1195910143,1195903462,1195909735,1195908679,1195909353,1195909124
55929357@N00|22,23,28|dpz83d,dpz83d,dpz83d|Beach,Shopping,Structure|11,11,11|6,6,6|6,5,5|1331919150,1331918780,1331918703
57519914@N00|7,8,16,22,28|dpz839,dpz838,dpz838,dpz83d,dpz83d|Cultural,Cultural,Amusement,Beach,Structure|50,50,50,50,50|2,2,2,2,2|70,49,60,54,54|1323769490,1323749724,1323760471,1323754402,1323754930
58919362@N00|22,24,30|dpz83d,dpz838,dpz839|Beach,Shopping,Structure|23,23,23|6,6,6|58,83,41|1181371327,1181393301,1181355479
58919362@N00|7,21,23,30|dpz839,dpz83e,dpz83d,dpz839|Cultural,Beach,Shopping,Structure|21,21,21,21|7,7,7,7|59,61,59,56|1211698043,1211700127,1211698462,1211695508
59525924@N05|1,4,10|dpz838,dpz832,dpz86j|Sport,Sport,Cultural|51,51,51|1,1,1|78,78,78|1387193973,1387193634,1387193870
60142746@N00|16,23,30|dpz838,dpz83d,dpz839|Amusement,Shopping,Structure|2,2,2|3,3,3|24,22,23|1136931155,1136929374,1136930143
60597745@N00|4,22,28|dpz832,dpz83d,dpz83d|Sport,Beach,Structure|33,33,33|4,4,4|76,55,55|1187262654,1187243389,1187243639
60597745@N00|4,13,16|dpz832,dpz82z,dpz838|Sport,Cultural,Amusement|34,34,34|1,1,1|49,46,61|1187583645,1187581352,1187594551
61239510@N00|8,24,30|dpz838,dpz838,dpz839|Cultural,Shopping,Structure|22,22,22|7,7,7|46,47,54|1307245110,1307245529,1307252348
61377999@N03|6,21,22|dpz836,dpz83e,dpz83d|Cultural,Beach,Beach|35,35,35|7,7,7|67,77,79|1188723527,1188732136,1188734027
61377999@N03|4,16,22|dpz832,dpz838,dpz83d|Sport,Amusement,Beach|36,36,36|1,1,1|55,52,38|1188799117,1188796196,1188783807
61377999@N03|7,11,25|dpz839,dpz83m,dpz835|Cultural,Cultural,Shopping|36,36,36|2,2,2|32,37,48|1188864088,1188869229,1188878625
61609579@N00|21,22,23,28|dpz83e,dpz83d,dpz83d,dpz83d|Beach,Beach,Shopping,Structure|42,42,42,42|6,6,6,6|59,56,59,57|1350716237,1350713418,1350715689,1350714304
62373848@N00|4,16,28|dpz832,dpz838,dpz83d|Sport,Amusement,Structure|20,20,20|6,6,6|54,54,36|1337405744,1337405964,1337390057
63706803@N00|22,23,29|dpz83d,dpz83d,dpz83k|Beach,Shopping,Structure|40,40,40|6,6,6|69,68,71|1380964711,1380964267,1380966752
64834051@N00|4,8,16|dpz832,dpz838,dpz838|Sport,Cultural,Amusement|24,24,24|6,6,6|40,41,41|1213408952,1213410575,1213410174
65438265@N00|7,16,22,30|dpz839,dpz838,dpz83d,dpz839|Cultural,Amusement,Beach,Structure|51,51,51,51|7,7,7,7|37,53,44,48|1071969880,1071983700,1071976157,1071979807
66922282@N00|22,23,28|dpz83d,dpz83d,dpz83d|Beach,Shopping,Structure|34,34,34|1,1,1|68,68,68|1092646926,1092646926,1092646926
67194633@N00|16,22,29|dpz838,dpz83d,dpz83k|Amusement,Beach,Structure|19,19,19|5,5,5|48,34,43|1273809688,1273797562,1273805898
67694608@N00|4,16,22,28|dpz832,dpz838,dpz83d,dpz83d|Sport,Amusement,Beach,Structure|24,24,24,24|4,4,4,4|33,31,35,36|1213229798,1213228566,1213232096,1213232583
67952341@N00|4,8,16|dpz832,dpz838,dpz838|Sport,Cultural,Amusement|7,7,7|6,6,6|48,43,41|1171685570,1171680573,1171678946
68803445@N00|4,8,16|dpz832,dpz838,dpz838|Sport,Cultural,Amusement|50,50,50|5,5,5|44,46,49|1386904035,1386905575,1386908727
69525052@N06|21,22,30|dpz83e,dpz83d,dpz839|Beach,Beach,Structure|32,32,32|7,7,7|60,56,80|1344755053,1344751324,1344773579
69754957@N00|1,2,3,4,7,11,16,23,30|dpz838,dpz80z,dpz83s,dpz832,dpz839,dpz83m,dpz838,dpz83d,dpz839|Sport,Sport,Sport,Sport,Cultural,Cultural,Amusement,Shopping,Structure|15,15,15,15,15,15,15,15,15|4,4,4,4,4,4,4,4,4|57,64,39,56,47,30,56,34,57|1271312615,1271318438,1271295961,1271311562,1271303310,1271288554,1271311722,1271291885,1271312813
69754957@N00|3,21,29,30|dpz83s,dpz83e,dpz83k,dpz839|Sport,Beach,Structure,Structure|23,23,23,23|1,1,1,1|47,45,34,48|1370231166,1370229563,1370220250,1370232825
70289230@N00|23,27,29|dpz83d,dpz83m,dpz83k|Shopping,Shopping,Structure|39,39,39|6,6,6|92,87,89|1191078877,1191074254,1191076045
70554294@N00|16,22,28,29,30|dpz838,dpz83d,dpz83d,dpz83k,dpz839|Amusement,Beach,Structure,Structure,Structure|22,22,22,22,22|2,2,2,2,2|57,65,65,66,65|1085466205,1085473743,1085473566,1085474590,1085473380
71206023@N00|8,16,24|dpz838,dpz838,dpz838|Cultural,Amusement,Shopping|52,52,52|4,4,4|46,45,42|1167276707,1167276251,1167273288
71482738@N00|8,11,16,25,30|dpz838,dpz83m,dpz838,dpz835,dpz839|Cultural,Cultural,Amusement,Shopping,Structure|21,21,21,21,21|3,3,3,3,3|48,49,46,57,48|1116993828,1116994865,1116992336,1117002103,1116994495
71482738@N00|6,21,22,28|dpz836,dpz83e,dpz83d,dpz83d|Cultural,Beach,Beach,Structure|21,21,21,21|4,4,4,4|54,39,49,50|1117085552,1117072718,1117081672,1117081985
72778314@N00|4,21,22,23,25,28|dpz832,dpz83e,dpz83d,dpz83d,dpz835,dpz83d|Sport,Beach,Beach,Shopping,Shopping,Structure|47,47,47,47,47,47|5,5,5,5,5,5|87,87,83,83,86,82|1164376153,1164376553,1164372914,1164372508,1164375583,1164372078
73416633@N00|6,21,23|dpz836,dpz83e,dpz83d|Cultural,Beach,Shopping|28,28,28|5,5,5|65,44,66|1247213703,1247195579,1247215440
75396048@N00|21,24,30|dpz83e,dpz838,dpz839|Beach,Shopping,Structure|4,4,4|1,1,1|33,40,43|1200875129,1200881625,1200884143
75450299@N07|6,21,22,25,28|dpz836,dpz83e,dpz83d,dpz835,dpz83d|Cultural,Beach,Beach,Shopping,Structure|19,19,19,19,19|6,6,6,6,6|41,46,43,35,46|1336789636,1336793824,1336791389,1336784233,1336794143
77112637@N00|21,22,23|dpz83e,dpz83d,dpz83d|Beach,Beach,Shopping|39,39,39|7,6,6|7,79,77|1317491743,1317469682,1317468450
7776449@N06|11,22,29|dpz83m,dpz83d,dpz83k|Cultural,Beach,Structure|32,32,32|1,1,1|63,48,54|1186386899,1186372887,1186378888
7776449@N06|6,21,23,25,27|dpz836,dpz83e,dpz83d,dpz835,dpz83m|Cultural,Beach,Shopping,Shopping,Shopping|39,39,39,39,39|6,6,6,6,7|86,80,85,91,8|1191073275,1191067486,1191072418,1191077385,1191088994
78015320@N00|6,8,16,22,28|dpz836,dpz838,dpz838,dpz83d,dpz83d|Cultural,Cultural,Amusement,Beach,Structure|26,26,26,26,26|4,4,4,4,4|64,56,56,62,60|1277971223,1277964790,1277964365,1277969718,1277968057
78015320@N00|6,11,13|dpz836,dpz83m,dpz82z|Cultural,Cultural,Cultural|26,26,26|6,6,6|42,52,47|1278124810,1278133406,1278129565
78433558@N00|1,7,28|dpz838,dpz839,dpz83d|Sport,Cultural,Structure|44,44,44|3,3,3|60,60,60|1162364649,1162364794,1162364995
8070489@N02|22,23,28|dpz83d,dpz83d,dpz83d|Beach,Shopping,Structure|21,21,21|6,6,6|36,39,39|1180141705,1180144330,1180144774
8110030@N05|1,4,7,16,19,21,23,24,28,30|dpz838,dpz832,dpz839,dpz838,dpz81t,dpz83e,dpz83d,dpz838,dpz83d,dpz839|Sport,Sport,Cultural,Amusement,Beach,Beach,Shopping,Shopping,Structure,Structure|20,20,20,20,20,20,20,20,20,20|2,2,2,2,2,2,2,2,2,2|60,51,64,53,83,42,46,58,46,47|1210662160,1210654091,1210666002,1210655867,1210682989,1210646542,1210649732,1210660892,1210650175,1210650968
81471618@N06|21,23,28|dpz83e,dpz83d,dpz83d|Beach,Shopping,Structure|34,34,34|4,4,4|48,46,48|1377144845,1377142294,1377144391
81471618@N06|11,15,19|dpz83m,dpz81u,dpz81t|Cultural,Amusement,Beach|34,34,34|6,6,6|30,37,36|1377300642,1377307586,1377306222
8250978@N04|7,8,22,28,30|dpz839,dpz838,dpz83d,dpz83d,dpz839|Cultural,Cultural,Beach,Structure,Structure|33,33,33,33,33|6,6,6,6,6|18,19,21,16,18|1250281804,1250282978,1250285045,1250280488,1250281987
82845843@N04|6,11,27|dpz836,dpz83m,dpz83m|Cultural,Cultural,Shopping|29,29,29|2,2,2|68,78,70|1342516136,1342524924,1342517546
84518681@N00|4,8,16|dpz832,dpz838,dpz838|Sport,Cultural,Amusement|26,26,26|2,2,2|51,49,49|1277786866,1277785160,1277785633
84711541@N00|7,21,22,23,30|dpz839,dpz83e,dpz83d,dpz83d,dpz839|Cultural,Beach,Beach,Shopping,Structure|40,40,40,40,40|6,6,6,6,6|83,89,84,87,82|1223124539,1223129941,1223125386,1223127911,1223123801
84800532@N02|11,16,22|dpz83m,dpz838,dpz83d|Cultural,Amusement,Beach|50,50,50|4,4,4|52,68,49|1323925732,1323939925,1323922790
84987970@N00|21,22,23,28|dpz83e,dpz83d,dpz83d,dpz83d|Beach,Beach,Shopping,Structure|13,13,13,13|6,6,6,6|67,68,67,65|1206780987,1206781398,1206780626,1206778764
84987970@N00|3,21,22,25|dpz83s,dpz83e,dpz83d,dpz835|Sport,Beach,Beach,Shopping|21,21,21,21|6,6,6,6|42,43,45,50|1211596370,1211597256,1211598939,1211603739
84987970@N00|3,7,22,23,29|dpz83s,dpz839,dpz83d,dpz83d,dpz83k|Sport,Cultural,Beach,Shopping,Structure|40,40,40,40,40|7,6,7,7,7|7,76,2,3,9|1223143079,1223118561,1223138280,1223138861,1223144860
84987970@N00|3,21,22|dpz83s,dpz83e,dpz83d|Sport,Beach,Beach|41,41,41|5,5,5|55,50,52|1223617504,1223613120,1223615182
84987970@N00|3,21,23|dpz83s,dpz83e,dpz83d|Sport,Beach,Shopping|14,14,14|6,6,6|51,52,62|1238820478,1238821622,1238830350
84987970@N00|3,22,30|dpz83s,dpz83d,dpz839|Sport,Beach,Structure|26,26,26|3,3,3|53,51,50|1245820942,1245819445,1245818604
84987970@N00|6,16,21,22,23,30|dpz836,dpz838,dpz83e,dpz83d,dpz83d,dpz839|Cultural,Amusement,Beach,Beach,Shopping,Structure|38,38,38,38,38,38|6,6,6,6,6,6|42,46,41,41,41,40|1253328041,1253331458,1253326836,1253327180,1253326596,1253326282
84987970@N00|1,21,23|dpz838,dpz83e,dpz83d|Sport,Beach,Shopping|40,40,40|3,3,3|77,50,50|1254309349,1254285695,1254285770
84987970@N00|6,7,21,22,23,28,30|dpz836,dpz839,dpz83e,dpz83d,dpz83d,dpz83d,dpz839|Cultural,Cultural,Beach,Beach,Shopping,Structure,Structure|40,40,40,40,40,40,40|6,7,6,7,7,7,7|76,6,84,9,13,9,4|1254568228,1254591117,1254575196,1254594243,1254597455,1254593810,1254590051
84987970@N00|21,22,23|dpz83e,dpz83d,dpz83d|Beach,Beach,Shopping|51,51,51|4,4,4|86,68,69|1261057208,1261040814,1261041439
84987970@N00|3,7,21,22,23,28,30|dpz83s,dpz839,dpz83e,dpz83d,dpz83d,dpz83d,dpz839|Sport,Cultural,Beach,Beach,Shopping,Structure,Structure|12,12,12,12,12,12,12|6,6,6,6,6,6,6|70,72,71,73,74,71,72|1269682607,1269684514,1269683463,1269685441,1269686133,1269683993,1269684619
84987970@N00|4,6,7,21,28,30|dpz832,dpz836,dpz839,dpz83e,dpz83d,dpz839|Sport,Cultural,Cultural,Beach,Structure,Structure|24,24,24,24,24,24|4,4,4,4,4,4|82,80,84,87,85,84|1276778582,1276776771,1276780236,1276782669,1276780584,1276780096
84987970@N00|21,22,23,27,28,29|dpz83e,dpz83d,dpz83d,dpz83m,dpz83d,dpz83k|Beach,Beach,Shopping,Shopping,Structure,Structure|25,25,25,25,25,25|6,6,6,6,6,6|78,55,78,75,78,72|1277552569,1277531742,1277552409,1277549256,1277552040,1277546806
84987970@N00|6,21,23,28|dpz836,dpz83e,dpz83d,dpz83d|Cultural,Beach,Shopping,Structure|25,25,25,25|7,7,7,7|70,56,58,58|1277631300,1277618594,1277620676,1277621015
84987970@N00|11,22,24,29|dpz83m,dpz83d,dpz838,dpz83k|Cultural,Beach,Shopping,Structure|26,26,26,26|4,4,4,4|87,58,76,67|1277992573,1277966044,1277982557,1277973921
84987970@N00|21,22,28|dpz83e,dpz83d,dpz83d|Beach,Beach,Structure|28,28,28|7,7,7|62,59,45|1279438973,1279436043,1279423474
84987970@N00|2,14,17|dpz80z,dpz80z,dpz80z|Sport,Amusement,Amusement|33,33,33|5,5,5|44,61,79|1282273951,1282288830,1282304938
84987970@N00|7,22,28,30|dpz839,dpz83d,dpz83d,dpz839|Cultural,Beach,Structure,Structure|39,39,39,39|6,6,6,7|83,89,87,14|1286024161,1286028971,1286027818,1286048088
84987970@N00|15,19,24|dpz81u,dpz81t,dpz838|Amusement,Beach,Shopping|26,26,26|3,3,3|43,45,34|1340765154,1340767378,1340757580
84987970@N00|21,22,23|dpz83e,dpz83d,dpz83d|Beach,Beach,Shopping|29,29,29|6,6,6|51,48,46|1342846009,1342843315,1342841600
84987970@N00|3,21,22,23,28|dpz83s,dpz83e,dpz83d,dpz83d,dpz83d|Sport,Beach,Beach,Shopping,Structure|26,26,26,26,26|1,1,1,1,1|80,81,85,82,86|1372075223,1372076700,1372080214,1372077067,1372080838
84987970@N00|21,22,30|dpz83e,dpz83d,dpz839|Beach,Beach,Structure|44,44,44|5,5,5|51,45,48|1383281621,1383276582,1383278502
85801042@N00|3,4,7,8,16,21,23,28|dpz83s,dpz832,dpz839,dpz838,dpz838,dpz83e,dpz83d,dpz83d|Sport,Sport,Cultural,Cultural,Amusement,Beach,Shopping,Structure|40,40,40,40,40,40,40,40|6,6,6,6,6,6,6,6|50,64,48,64,68,50,50,50|1223095496,1223108006,1223093611,1223108073,1223111670,1223095289,1223095192,1223094725
86292040@N00|1,8,16,23,30|dpz838,dpz838,dpz838,dpz83d,dpz839|Sport,Cultural,Amusement,Shopping,Structure|3,3,3,3,3|7,7,7,7,7|39,41,41,48,39|1358647147,1358648574,1358648369,1358655192,1358646929
87473264@N00|13,16,24|dpz82z,dpz838,dpz838|Cultural,Amusement,Shopping|17,17,17|2,2,2|49,74,62|1177388992,1177410847,1177400357
88276719@N00|7,16,30|dpz839,dpz838,dpz839|Cultural,Amusement,Structure|3,3,3|5,5,5|40,40,40|1169172000,1169172000,1169172000
89613559@N07|7,8,16|dpz839,dpz838,dpz838|Cultural,Cultural,Amusement|39,39,39|3,3,3|34,40,45|1380069181,1380074896,1380079012
9025385@N07|7,16,24,30|dpz839,dpz838,dpz838,dpz839|Cultural,Amusement,Shopping,Structure|12,12,12,12|4,4,4,4|66,77,69,45|1332405438,1332415181,1332408454,1332386638
9025385@N07|1,4,7,16,30|dpz838,dpz832,dpz839,dpz838,dpz839|Sport,Sport,Cultural,Amusement,Structure|12,12,12,12,12|6,6,6,6,6|56,44,71,57,63|1332569159,1332558173,1332582801,1332570187,1332575116
91008793@N00|4,6,8,11,16|dpz832,dpz836,dpz838,dpz83m,dpz838|Sport,Cultural,Cultural,Cultural,Amusement|38,38,38,38,38|3,3,3,3,3|58,45,58,47,60|1253082899,1253071763,1253083017,1253073342,1253084688
91032493@N00|7,16,22,28,30|dpz839,dpz838,dpz83d,dpz83d,dpz839|Cultural,Amusement,Beach,Structure,Structure|2,2,2,2,2|6,6,6,6,6|59,58,53,51,58|1357973355,1357972533,1357967741,1357966671,1357973053
91255327@N00|3,6,21,22|dpz83s,dpz836,dpz83e,dpz83d|Sport,Cultural,Beach,Beach|40,40,40,40|6,6,6,6|62,75,71,72|1223106221,1223117256,1223113649,1223114726
92487715@N03|7,16,22|dpz839,dpz838,dpz83d|Cultural,Amusement,Beach|28,28,28|1,1,1|48,78,71|1278907200,1278934283,1278928210
93241698@N00|22,23,28|dpz83d,dpz83d,dpz83d|Beach,Shopping,Structure|27,27,27|5,5,5|56,57,57|1215151874,1215152712,1215152163
93241698@N00|16,22,23|dpz838,dpz83d,dpz83d|Amusement,Beach,Shopping|28,28,28|5,5,5|68,58,51|1215767259,1215758101,1215752352
93897327@N00|7,11,16,24|dpz839,dpz83m,dpz838,dpz838|Cultural,Cultural,Amusement,Shopping|29,29,29,29|1,1,1,1|81,52,78,62|1216037918,1216011994,1216035268,1216020949
9416709@N08|8,16,22|dpz838,dpz838,dpz83d|Cultural,Amusement,Beach|41,41,41|1,1,1|52,47,40|1381122337,1381117512,1381111952
9449875@N03|21,23,28|dpz83e,dpz83d,dpz83d|Beach,Shopping,Structure|39,39,39|6,6,6|77,81,75|1286018742,1286022071,1286016761
9449875@N03|2,14,17|dpz80z,dpz80z,dpz80z|Sport,Amusement,Amusement|34,34,34|7,7,7|51,49,68|1314506986,1314505178,1314522354
94725783@N00|21,22,23,25|dpz83e,dpz83d,dpz83d,dpz835|Beach,Beach,Shopping,Shopping|50,50,50,50|3,3,3,3|58,57,57,50|1355294659,1355293242,1355293736,1355286873
94828981@N08|21,23,28|dpz83e,dpz83d,dpz83d|Beach,Shopping,Structure|51,51,51|7,7,7|53,54,56|1387690177,1387690888,1387692702
96083563@N00|7,11,16|dpz839,dpz83m,dpz838|Cultural,Cultural,Amusement|32,32,32|7,7,7|31,43,35|1218325968,1218336731,1218329644
96684313@N00|7,8,30|dpz839,dpz838,dpz839|Cultural,Cultural,Structure|34,34,34|2,2,2|28,78,29|1282604649,1282649861,1282605665
97675182@N00|2,14,17|dpz80z,dpz80z,dpz80z|Sport,Amusement,Amusement|19,19,19|6,6,6|63,64,66|1178956581,1178957139,1178958717
98185064@N00|4,16,28|dpz832,dpz838,dpz83d|Sport,Amusement,Structure|20,20,20|2,2,2|64,65,43|1242115719,1242116997,1242097142
98222757@N02|7,23,24,28|dpz839,dpz83d,dpz838,dpz83d|Cultural,Shopping,Shopping,Structure|32,32,32,32|1,1,1,1|38,29,40,30|1344217079,1344208919,1344219136,1344209949
98715075@N00|1,4,30|dpz838,dpz832,dpz839|Sport,Sport,Structure|3,3,3|6,6,6|31,37,32|1200700130,1200706069,1200700896
98715075@N00|21,22,23|dpz83e,dpz83d,dpz83d|Beach,Beach,Shopping|40,40,40|6,6,6|89,84,85|1223129813,1223125539,1223126233
9911655@N08|8,25,29|dpz838,dpz835,dpz83k|Cultural,Shopping,Structure|21,21,21|7,6,7|11,95,5|1211654820,1211643938,1211649807
9911655@N08|21,28,30|dpz83e,dpz83d,dpz839|Beach,Structure,Structure|20,20,20|4,4,4|64,63,65|1368691288,1368690950,1368692435
99127884@N00|21,23,28|dpz83e,dpz83d,dpz83d|Beach,Shopping,Structure|36,36,36|7,7,7|58,62,64|1252219496,1252222203,1252224560
99127884@N00|1,6,7,11,15,22,28,29,30|dpz838,dpz836,dpz839,dpz83m,dpz81u,dpz83d,dpz83d,dpz83k,dpz839|Sport,Cultural,Cultural,Cultural,Amusement,Beach,Structure,Structure,Structure|37,37,37,37,37,37,37,37,37|1,1,1,1,1,1,1,1,1|58,54,58,37,62,56,57,39,58|1252305883,1252302039,1252305347,1252286989,1252309296,1252303740,1252304366,1252288319,1252305561
99436246@N00|16,22,29|dpz838,dpz83d,dpz83k|Amusement,Beach,Structure|36,36,36|4,4,4|59,64,67|1284015323,1284019438,1284022140
99771506@N00|2,7,11,13,21,23,29,30|dpz80z,dpz839,dpz83m,dpz82z,dpz83e,dpz83d,dpz83k,dpz839|Sport,Cultural,Cultural,Cultural,Beach,Shopping,Structure,Structure|3,3,3,3,3,3,3,3|6,6,6,6,6,6,6,6|70,73,89,70,81,71,65,70|1358588099,1358590669,1358605243,1358588017,1358598109,1358589239,1358583310,1358588038
9985167@N04|21,22,28|dpz83e,dpz83d,dpz83d|Beach,Beach,Structure|19,19,19|7,7,7|64,58,60|1210493363,1210488261,1210489464
