10091295@N02|10,17,28|gcvwrd,gcvwr3,gcvwr3|Park,Structure,Structure|39,39,39|6,6,6|38,51,73|1191029561,1191041876,1191060959
10287726@N02|2,3,8,9,17,29|gcvwrc,gcvwr2,gcvwr3,gcvwr3,gcvwr3,gcvwr3|Historical,Museum,Historical,Cultural,Structure,Structure|31,31,31,31,31,31|5,5,5,5,5,5|44,47,58,53,37,47|1375412584,1375415274,1375425858,1375421119,1375406504,1375415715
10287726@N02|1,3,17,18,29|gcvwr1,gcvwr2,gcvwr3,gcvwr1,gcvwr3|Historical,Museum,Structure,Park,Structure|31,31,31,31,31|6,6,6,6,6|55,60,42,57,42|1375509475,1375513696,1375497337,1375510509,1375497686
10287726@N02|11,17,23|gcvwrd,gcvwr3,gcvwrd|Historical,Structure,Structure|31,31,31|7,7,7|39,28,40|1375581076,1375571537,1375581641
10332960@N03|3,9,17|gcvwr2,gcvwr3,gcvwr3|Museum,Cultural,Structure|13,13,13|1,1,1|61,58,61|1332746606,1332744199,1332746489
10335112@N05|1,2,8,15,29|gcvwr1,gcvwrc,gcvwr3,gcvwr3,gcvwr3|Historical,Historical,Historical,Structure,Structure|32,32,32,32,32|6,6,6,6,6|57,36,61,58,57|1249712164,1249693678,1249716559,1249713293,1249712965
10335112@N05|10,11,23|gcvwrd,gcvwrd,gcvwrd|Park,Historical,Structure|32,32,32|7,7,7|46,47,45|1249789314,1249790102,1249788562
10340081@N02|1,3,8|gcvwr1,gcvwr2,gcvwr3|Historical,Museum,Historical|32,32,32|5,5,5|33,38,34|1249604117,1249608956,1249605497
10354154@N05|16,18,29|gcvwr3,gcvwr1,gcvwr3|Museum,Park,Structure|36,36,36|2,2,2|64,66,65|1315296567,1315297866,1315296968
10486919@N00|9,15,28|gcvwr3,gcvwr3,gcvwr3|Cultural,Structure,Structure|43,43,43|2,2,2|64,37,45|1350979253,1350955282,1350962425
105307156@N06|1,2,7|gcvwr1,gcvwrc,gcvy20|Historical,Historical,Park|31,31,31|2,2,2|63,38,42|1375170614,1375148488,1375151750
10655856@N04|9,12,22,29|gcvwr3,gcvwr0,gcvwr1,gcvwr3|Cultural,Cultural,Structure,Structure|20,20,20,20|5,5,5,5|37,51,30,42|1274404821,1274417376,1274398803,1274409470
11037560@N04|1,4,9|gcvwr1,gcvwr9,gcvwr3|Historical,Structure,Cultural|42,42,42|6,6,6|52,59,58|1192856671,1192862997,1192861907
11037560@N04|4,10,12,15,16,19|gcvwr9,gcvwrd,gcvwr0,gcvwr3,gcvwr3,gcvwr3|Structure,Park,Cultural,Structure,Museum,Structure|42,42,42,42,42,42|7,7,7,7,7,7|51,52,49,49,49,53|1192942590,1192943055,1192940945,1192940569,1192940155,1192943826
11037560@N04|4,10,19|gcvwr9,gcvwrd,gcvwr3|Structure,Park,Structure|24,24,24|3,3,3|42,42,42|1276655633,1276655974,1276655952
11037560@N04|9,15,17|gcvwr3,gcvwr3,gcvwr3|Cultural,Structure,Structure|32,32,32|6,6,6|52,46,49|1313211931,1313206844,1313209306
11037560@N04|15,19,29|gcvwr3,gcvwr3,gcvwr3|Structure,Structure,Structure|27,27,27|7,7,7|40,47,47|1341712968,1341719609,1341719821
11037560@N04|3,9,28|gcvwr2,gcvwr3,gcvwr3|Museum,Cultural,Structure|32,32,32|1,1,1|57,56,57|1375684104,1375682596,1375683894
11613952@N05|17,18,29|gcvwr3,gcvwr1,gcvwr3|Structure,Park,Structure|12,12,12|6,6,6|55,49,59|1174715929,1174710049,1174718836
11881702@N00|1,3,9,17,29|gcvwr1,gcvwr2,gcvwr3,gcvwr3,gcvwr3|Historical,Museum,Cultural,Structure,Structure|45,45,45,45,45|4,4,4,4,4|39,48,52,49,50|1289440702,1289448117,1289451929,1289449110,1289450431
11881702@N00|15,16,17|gcvwr3,gcvwr3,gcvwr3|Structure,Museum,Structure|45,45,45|5,5,5|27,28,39|1289516300,1289517046,1289526615
12061846@N00|1,8,9,10,15,19,29|gcvwr1,gcvwr3,gcvwr3,gcvwrd,gcvwr3,gcvwr3,gcvwr3|Historical,Historical,Cultural,Park,Structure,Structure,Structure|32,32,32,32,32,32,32|6,6,6,6,6,6,6|50,59,52,80,64,38,51|1281761092,1281768580,1281762406,1281787572,1281772806,1281749947,1281761213
120694055@N06|1,3,29|gcvwr1,gcvwr2,gcvwr3|Historical,Museum,Structure|12,12,12|6,6,6|36,38,36|1395450068,1395451861,1395450199
12495774@N02|3,4,7,9,29|gcvwr2,gcvwr9,gcvy20,gcvwr3,gcvwr3|Museum,Structure,Park,Cultural,Structure|47,47,47,47,47|3,3,3,3,3|25,25,25,25,25|1195597528,1195597528,1195597528,1195597528,1195597528
12495774@N02|1,3,9,15,18|gcvwr1,gcvwr2,gcvwr3,gcvwr3,gcvwr1|Historical,Museum,Cultural,Structure,Park|15,15,15,15,15|2,2,2,2,2|55,52,39,57,58|1334037456,1334034081,1334022939,1334039108,1334039597
12658277@N00|1,8,9,11|gcvwr1,gcvwr3,gcvwr3,gcvwrd|Historical,Historical,Cultural,Historical|11,11,11,11|6,6,6,6|20,7,22,28|1079125734,1079113940,1079127351,1079132583
12771303@N00|4,11,12,24|gcvwr9,gcvwrd,gcvwr0,gcvwrc|Structure,Historical,Cultural,Entertainment|46,46,46,46|1,1,1,1|36,36,36,36|1099876414,1099875841,1099876026,1099876378
12917962@N00|3,13,15,16|gcvwr2,gcvwr2,gcvwr3,gcvwr3|Museum,Cultural,Structure,Museum|33,33,33,33|6,6,6,6|46,48,46,64|1376710853,1376712468,1376710751,1376726478
12930951@N07|8,16,19|gcvwr3,gcvwr3,gcvwr3|Historical,Museum,Structure|14,14,14|5,5,5|74,74,74|1333708524,1333708927,1333708320
12982579@N00|8,9,16,19,23,29|gcvwr3,gcvwr3,gcvwr3,gcvwr3,gcvwrd,gcvwr3|Historical,Cultural,Museum,Structure,Structure,Structure|38,38,38,38,38,38|1,1,1,1,1,1|51,72,51,80,64,65|1347857119,1347876420,1347857352,1347883694,1347868840,1347870040
13518023@N03|1,24,29|gcvwr1,gcvwrc,gcvwr3|Historical,Entertainment,Structure|20,20,20|7,7,7|42,57,37|1368931148,1368944269,1368926680
13518023@N03|1,3,8,16,19,28,29|gcvwr1,gcvwr2,gcvwr3,gcvwr3,gcvwr3,gcvwr3,gcvwr3|Historical,Museum,Historical,Museum,Structure,Structure,Structure|14,14,14,14,14,14,14|7,7,7,7,7,7,7|61,48,57,60,56,48,62|1396769086,1396757307,1396765389,1396768233,1396764182,1396757619,1396769752
13996991@N07|10,15,19,23|gcvwrd,gcvwr3,gcvwr3,gcvwrd|Park,Structure,Structure,Structure|13,13,13,13|6,6,6,6|60,65,57,59|1333177724,1333182077,1333175044,1333176925
13996991@N07|1,3,9,29|gcvwr1,gcvwr2,gcvwr3,gcvwr3|Historical,Museum,Cultural,Structure|14,14,14,14|1,1,1,1|60,55,59,68|1333350880,1333346195,1333349389,1333357370
14057878@N00|3,9,29|gcvwr2,gcvwr3,gcvwr3|Museum,Cultural,Structure|33,33,33|5,5,5|83,82,82|1218804384,1218804029,1218803828
14057878@N00|8,13,15,18|gcvwr3,gcvwr2,gcvwr3,gcvwr1|Historical,Cultural,Structure,Park|43,43,43,43|2,2,2,2|49,86,52,55|1224563244,1224596074,1224565207,1224568683
14057878@N00|9,17,28,29|gcvwr3,gcvwr3,gcvwr3,gcvwr3|Cultural,Structure,Structure,Structure|43,43,43,43|3,3,3,3|53,60,49,52|1224652564,1224659441,1224649467,1224652309
14146962@N07|1,8,29|gcvwr1,gcvwr3,gcvwr3|Historical,Historical,Structure|39,39,39|5,5,5|16,15,16|1033071086,1033069584,1033071079
14360576@N06|1,3,8,9,10,11,12,15,17,18,23,29|gcvwr1,gcvwr2,gcvwr3,gcvwr3,gcvwrd,gcvwrd,gcvwr0,gcvwr3,gcvwr3,gcvwr1,gcvwrd,gcvwr3|Historical,Museum,Historical,Cultural,Park,Historical,Cultural,Structure,Structure,Park,Structure,Structure|35,35,35,35,35,35,35,35,35,35,35,35|6,6,6,6,6,6,6,6,6,6,6,6|80,74,59,80,56,55,51,60,53,60,56,76|1346501503,1346495838,1346482668,1346501018,1346480012,1346478874,1346475245,1346483348,1346477155,1346483676,1346479549,1346497473
14360576@N06|7,20,21|gcvy20,gcvwrh,gcvwry|Park,Park,Structure|35,35,35|7,7,7|36,51,47|1346548289,1346561904,1346557781
14360576@N06|9,14,24|gcvwr3,gcvwqb,gcvwrc|Cultural,Structure,Entertainment|36,36,36|2,2,2|83,44,70|1346763468,1346727876,1346751351
14360576@N06|9,10,12,14,19,22,23,29|gcvwr3,gcvwrd,gcvwr0,gcvwqb,gcvwr3,gcvwr1,gcvwrd,gcvwr3|Cultural,Park,Cultural,Structure,Structure,Structure,Structure,Structure|36,36,36,36,36,36,36,36|4,4,4,4,4,4,4,4|86,82,72,63,80,73,84,87|1346938800,1346935236,1346926380,1346917891,1346933073,1346927041,1346936632,1346939111
14360576@N06|9,15,19,29|gcvwr3,gcvwr3,gcvwr3,gcvwr3|Cultural,Structure,Structure,Structure|36,36,36,36|5,5,5,5|54,52,57,55|1346996372,1346994541,1346998766,1346997549
14711846@N00|10,11,15|gcvwrd,gcvwrd,gcvwr3|Park,Historical,Structure|28,28,28|3,3,3|66,66,67|1310546076,1310546048,1310547531
14711846@N00|1,2,4,8,9,17,19,29|gcvwr1,gcvwrc,gcvwr9,gcvwr3,gcvwr3,gcvwr3,gcvwr3,gcvwr3|Historical,Historical,Structure,Historical,Cultural,Structure,Structure,Structure|28,28,28,28,28,28,28,28|4,4,4,4,4,4,4,4|40,59,51,41,40,30,29,41|1310609026,1310625952,1310619244,1310610174,1310609421,1310600391,1310599010,1310609918
14869313@N00|2,4,15|gcvwrc,gcvwr9,gcvwr3|Historical,Structure,Structure|20,20,20|6,6,6|34,34,30|1148085649,1148085538,1148081933
14915235@N00|3,9,12|gcvwr2,gcvwr3,gcvwr0|Museum,Cultural,Cultural|3,3,3|7,7,7|41,41,47|1327199374,1327198696,1327204010
15462727@N07|1,3,8,9,15,18,19|gcvwr1,gcvwr2,gcvwr3,gcvwr3,gcvwr3,gcvwr1,gcvwr3|Historical,Museum,Historical,Cultural,Structure,Park,Structure|12,12,12,12,12,12,12|5,5,5,5,5,5,5|48,41,51,42,50,48,44|1301025950,1301019577,1301028491,1301020704,1301027400,1301026051,1301022231
15786211@N00|1,3,16|gcvwr1,gcvwr2,gcvwr3|Historical,Museum,Museum|33,34,34|7,1,1|82,11,2|1376829001,1376851920,1376843908
16048448@N00|1,8,9,15,19,29|gcvwr1,gcvwr3,gcvwr3,gcvwr3,gcvwr3,gcvwr3|Historical,Historical,Cultural,Structure,Structure,Structure|30,30,30,30,30,30|4,4,4,4,4,4|51,66,54,77,64,52|1059022608,1059036123,1059024668,1059045896,1059034445,1059023548
16048448@N00|7,10,11,18|gcvy20,gcvwrd,gcvwrd,gcvwr1|Park,Park,Historical,Park|30,30,30,30|5,5,5,5|60,42,42,51|1059117113,1059100982,1059100231,1059109198
16190595@N05|9,17,29|gcvwr3,gcvwr3,gcvwr3|Cultural,Structure,Structure|32,32,32|5,5,5|44,35,37|1376017922,1376009992,1376011649
16497759@N07|4,9,22,24|gcvwr9,gcvwr3,gcvwr1,gcvwrc|Structure,Cultural,Structure,Entertainment|34,34,34,34|1,1,1,1|39,43,48,37|1313977857,1313981177,1313986257,1313976192
17505188@N06|8,9,23|gcvwr3,gcvwr3,gcvwrd|Historical,Cultural,Structure|34,34,34|3,3,3|71,63,37|1187776614,1187769443,1187745987
17643132@N00|3,9,11,13,19,28,29|gcvwr2,gcvwr3,gcvwrd,gcvwr2,gcvwr3,gcvwr3,gcvwr3|Museum,Cultural,Historical,Cultural,Structure,Structure,Structure|27,27,27,27,27,27,27|4,4,4,4,4,4,4|43,43,38,44,51,44,50|1310007228,1310006950,1310002700,1310008252,1310014534,1310008493,1310013579
17643132@N00|1,4,9,19,29|gcvwr1,gcvwr9,gcvwr3,gcvwr3,gcvwr3|Historical,Structure,Cultural,Structure,Structure|27,27,27,27,27|5,5,5,5,5|24,39,34,36,31|1310076601,1310090265,1310085015,1310087438,1310082563
18276635@N00|1,9,17,29|gcvwr1,gcvwr3,gcvwr3,gcvwr3|Historical,Cultural,Structure,Structure|20,20,20,20|5,5,5,5|32,45,24,69|1147997204,1148009218,1147990023,1148030721
18276635@N00|11,15,18|gcvwrd,gcvwr3,gcvwr1|Historical,Structure,Park|20,20,20|6,6,6|78,76,75|1148125189,1148123110,1148122014
18402635@N00|1,3,9|gcvwr1,gcvwr2,gcvwr3|Historical,Museum,Cultural|45,45,45|2,2,2|49,49,49|1194323148,1194322521,1194323139
18966576@N00|8,9,16,18,29|gcvwr3,gcvwr3,gcvwr3,gcvwr1,gcvwr3|Historical,Cultural,Museum,Park,Structure|24,24,24,24,24|4,4,4,4,4|49,46,44,42,45|1339647392,1339644747,1339643528,1339641819,1339644152
19153501@N00|2,4,11,23|gcvwrc,gcvwr9,gcvwrd,gcvwrd|Historical,Structure,Historical,Structure|24,24,24,24|7,7,7,7|31,22,21,20|1213487280,1213479854,1213478890,1213477626
19473027@N00|9,12,18,19|gcvwr3,gcvwr0,gcvwr1,gcvwr3|Cultural,Cultural,Park,Structure|32,32,32,32|3,3,3,3|23,23,23,23|1155073930,1155073930,1155073930,1155074339
19473027@N00|9,15,16|gcvwr3,gcvwr3,gcvwr3|Cultural,Structure,Museum|17,17,17|6,6,6|56,56,56|1272694347,1272693935,1272694072
19473027@N00|16,19,29|gcvwr3,gcvwr3,gcvwr3|Museum,Structure,Structure|30,30,30|7,7,7|65,63,65|1280651197,1280648874,1280650775
19473027@N00|8,9,16,29|gcvwr3,gcvwr3,gcvwr3,gcvwr3|Historical,Cultural,Museum,Structure|23,23,23,23|2,2,2,2|43,44,44,44|1307415597,1307416194,1307415886,1307415896
19473027@N00|9,19,23|gcvwr3,gcvwr3,gcvwrd|Cultural,Structure,Structure|29,29,29|2,2,2|46,47,47|1311046309,1311047110,1311047129
19473027@N00|13,17,19,28|gcvwr2,gcvwr3,gcvwr3,gcvwr3|Cultural,Structure,Structure,Structure|33,33,33,33|6,6,6,6|61,63,61,63|1313825356,1313826711,1313825081,1313826352
19473027@N00|12,14,22,28|gcvwr0,gcvwqb,gcvwr1,gcvwr3|Cultural,Structure,Structure,Structure|35,35,35,35|7,7,7,7|59,60,58,50|1315119023,1315120011,1315118680,1315111305
19473027@N00|8,16,19|gcvwr3,gcvwr3,gcvwr3|Historical,Museum,Structure|37,37,37|3,3,3|60,60,60|1315983820,1315984045,1315983797
19473027@N00|15,18,29|gcvwr3,gcvwr1,gcvwr3|Structure,Park,Structure|37,37,37|6,6,6|63,63,57|1316245757,1316245955,1316240548
19473027@N00|8,15,19,28|gcvwr3,gcvwr3,gcvwr3,gcvwr3|Historical,Structure,Structure,Structure|45,45,45,45|7,7,7,7|62,61,63,64|1321169794,1321169346,1321170491,1321171306
19473027@N00|15,18,29|gcvwr3,gcvwr1,gcvwr3|Structure,Park,Structure|47,47,47|1,1,1|54,51,55|1321854015,1321851223,1321854465
19473027@N00|8,15,18|gcvwr3,gcvwr3,gcvwr1|Historical,Structure,Park|48,48,48|5,5,5|55,55,55|1322804888,1322805029,1322805173
19473027@N00|2,3,9,24|gcvwrc,gcvwr2,gcvwr3,gcvwrc|Historical,Museum,Cultural,Entertainment|20,20,20,20|7,7,7,7|53,52,52,57|1368940695,1368940123,1368940399,1368944745
19473027@N00|8,15,23|gcvwr3,gcvwr3,gcvwrd|Historical,Structure,Structure|37,37,37|1,1,1|46,50,47|1378698065,1378701590,1378698701
19663529@N00|1,9,19,23|gcvwr1,gcvwr3,gcvwr3,gcvwrd|Historical,Cultural,Structure,Structure|28,28,28,28|6,6,6,6|55,56,57,58|1152942301,1152943517,1152944255,1152945038
19663529@N00|4,24,29|gcvwr9,gcvwrc,gcvwr3|Structure,Entertainment,Structure|32,32,32|4,4,4|55,55,36|1155189187,1155189358,1155172029
19909714@N00|1,3,29|gcvwr1,gcvwr2,gcvwr3|Historical,Museum,Structure|35,35,35|1,1,1|62,64,63|1283153505,1283155282,1283155138
19909714@N00|8,15,19|gcvwr3,gcvwr3,gcvwr3|Historical,Structure,Structure|35,35,35|3,3,3|31,31,31|1283298772,1283299098,1283298463
20483509@N00|2,4,24|gcvwrc,gcvwr9,gcvwrc|Historical,Structure,Entertainment|24,24,24|1,1,1|63,63,56|1150098844,1150098816,1150092082
20483509@N00|4,15,16,19,29|gcvwr9,gcvwr3,gcvwr3,gcvwr3,gcvwr3|Structure,Structure,Museum,Structure,Structure|29,29,29,29,29|6,6,6,6,6|54,51,52,52,52|1153546634,1153543823,1153544651,1153545015,1153544737
20483509@N00|9,15,16|gcvwr3,gcvwr3,gcvwr3|Cultural,Structure,Museum|26,26,26|2,2,2|60,59,60|1245740626,1245740251,1245740401
20483509@N00|3,9,11|gcvwr2,gcvwr3,gcvwrd|Museum,Cultural,Historical|21,21,21|7,7,7|54,55,74|1275197825,1275198954,1275215993
20483509@N00|16,18,28|gcvwr3,gcvwr1,gcvwr3|Museum,Park,Structure|48,48,48|6,6,6|56,55,50|1322892344,1322891996,1322886722
20545573@N00|15,16,18|gcvwr3,gcvwr3,gcvwr1|Structure,Museum,Park|21,21,21|7,7,7|42,43,42|1148783736,1148784603,1148783494
20587560@N00|3,12,19|gcvwr2,gcvwr0,gcvwr3|Museum,Cultural,Structure|25,25,25|7,7,7|49,36,21|1182658827,1182647406,1182634032
20799701@N00|1,2,3,6,10,11,17,18,19,20,23,29|gcvwr1,gcvwrc,gcvwr2,gcvwdd,gcvwrd,gcvwrd,gcvwr3,gcvwr1,gcvwr3,gcvwrh,gcvwrd,gcvwr3|Historical,Historical,Museum,Structure,Park,Historical,Structure,Park,Structure,Park,Structure,Structure|35,35,35,35,35,35,35,35,35,35,35,35|7,7,7,7,7,7,7,7,7,7,7,7|88,88,88,88,88,88,88,88,88,88,88,88|1220191200,1220191200,1220191200,1220191200,1220191200,1220191200,1220191200,1220191200,1220191200,1220191200,1220191200,1220191200
21116747@N02|3,4,28,29|gcvwr2,gcvwr9,gcvwr3,gcvwr3|Museum,Structure,Structure,Structure|25,25,25,25|4,4,4,4|77,49,39,37|1277378982,1277353319,1277344425,1277342549
21254955@N04|1,9,29|gcvwr1,gcvwr3,gcvwr3|Historical,Cultural,Structure|48,48,48|6,6,6|41,39,47|1322878963,1322877015,1322884672
21283177@N00|2,10,16,23,29|gcvwrc,gcvwrd,gcvwr3,gcvwrd,gcvwr3|Historical,Park,Museum,Structure,Structure|31,31,31,31,31|1,1,1,1,1|37,19,29,40,30|1375061244,1375044625,1375053824,1375063357,1375054884
21492331@N03|8,18,19,28|gcvwr3,gcvwr1,gcvwr3,gcvwr3|Historical,Park,Structure,Structure|24,24,24,24|4,4,4,4|55,55,55,55|1244699655,1244699693,1244699675,1244699763
21712240@N00|3,10,11,19,23,24|gcvwr2,gcvwrd,gcvwrd,gcvwr3,gcvwrd,gcvwrc|Museum,Park,Historical,Structure,Structure,Entertainment|29,29,29,29,29,29|6,6,6,6,6,6|55,48,48,47,47,47|1279950885,1279944695,1279944329,1279943477,1279943347,1279943957
21916524@N07|2,4,17|gcvwrc,gcvwr9,gcvwr3|Historical,Structure,Structure|51,51,51|1,1,1|48,50,64|1292818128,1292819897,1292832835
22087304@N07|10,11,23|gcvwrd,gcvwrd,gcvwrd|Park,Historical,Structure|22,22,22|1,1,1|88,88,88|1275314400,1275314400,1275314400
22583729@N06|9,19,28|gcvwr3,gcvwr3,gcvwr3|Cultural,Structure,Structure|9,9,9|3,3,3|94,94,88|1204127048,1204126953,1204120866
22607526@N00|3,9,17,29|gcvwr2,gcvwr3,gcvwr3,gcvwr3|Museum,Cultural,Structure,Structure|33,33,33,33|5,5,5,5|56,64,61,59|1187331258,1187338315,1187334940,1187333321
22607526@N00|1,3,29|gcvwr1,gcvwr2,gcvwr3|Historical,Museum,Structure|33,33,33|7,7,7|58,60,59|1187505421,1187507494,1187506540
22607526@N00|8,15,18|gcvwr3,gcvwr3,gcvwr1|Historical,Structure,Park|34,34,34|1,1,1|46,42,41|1187580655,1187577014,1187576208
22890158@N08|1,2,4,9|gcvwr1,gcvwrc,gcvwr9,gcvwr3|Historical,Historical,Structure,Cultural|21,21,21,21|6,6,6,6|64,57,58,64|1243066426,1243060194,1243060715,1243065960
23062920@N00|8,15,18,22|gcvwr3,gcvwr3,gcvwr1,gcvwr1|Historical,Structure,Park,Structure|45,45,45,45|5,5,5,5|66,66,50,49|1226046857,1226046833,1226032773,1226031690
23062920@N00|3,8,9,13,29|gcvwr2,gcvwr3,gcvwr3,gcvwr2,gcvwr3|Museum,Historical,Cultural,Cultural,Structure|45,45,45,45,45|6,6,6,6,6|59,66,65,48,62|1226127384,1226133340,1226132837,1226117361,1226130299
23108377@N07|4,8,11,15,17,27|gcvwr9,gcvwr3,gcvwrd,gcvwr3,gcvwr3,gcvwq9|Structure,Historical,Historical,Structure,Structure,Museum|23,23,23,23,23,23|4,4,4,4,4,4|71,81,40,77,70,57|1370512734,1370521249,1370484549,1370517808,1370511737,1370499679
23351536@N07|3,15,17,28|gcvwr2,gcvwr3,gcvwr3,gcvwr3|Museum,Structure,Structure,Structure|18,18,18,18|7,7,7,7|37,34,37,35|1241313951,1241311254,1241314101,1241312325
23351536@N07|8,13,28|gcvwr3,gcvwr2,gcvwr3|Historical,Cultural,Structure|2,2,2|1,1,1|39,37,38|1326073941,1326072332,1326072677
23351536@N07|3,9,13,17,29|gcvwr2,gcvwr3,gcvwr2,gcvwr3,gcvwr3|Museum,Cultural,Cultural,Structure,Structure|13,13,13,13,13|1,1,1,1,1|36,38,17,37,39|1332724408,1332725476,1332707215,1332724961,1332726443
23351536@N07|3,9,17,28,29|gcvwr2,gcvwr3,gcvwr3,gcvwr3,gcvwr3|Museum,Cultural,Structure,Structure,Structure|1,1,1,1,1|2,2,2,2,2|39,54,47,49,41|1357005285,1357018318,1357012737,1357013947,1357006678
23351536@N07|3,8,10,19,23,28|gcvwr2,gcvwr3,gcvwrd,gcvwr3,gcvwrd,gcvwr3|Museum,Historical,Park,Structure,Structure,Structure|13,13,13,13,13,13|2,2,2,2,2,2|57,64,61,64,63,60|1364279070,1364285253,1364282906,1364285143,1364284451,1364281348
23351536@N07|8,10,11,13,16,23|gcvwr3,gcvwrd,gcvwrd,gcvwr2,gcvwr3,gcvwrd|Historical,Park,Historical,Cultural,Museum,Structure|52,52,52,52,52,52|4,4,4,4,4,4|52,46,45,37,52,45|1388034666,1388028602,1388027965,1388020751,1388034381,1388027903
23363966@N02|16,18,29|gcvwr3,gcvwr1,gcvwr3|Museum,Park,Structure|29,29,29|5,5,5|64,64,66|1153469321,1153468800,1153471260
23363966@N02|2,4,15|gcvwrc,gcvwr9,gcvwr3|Historical,Structure,Structure|30,30,30|4,4,4|59,58,66|1153983106,1153982524,1153989594
23363966@N02|2,4,8,29|gcvwrc,gcvwr9,gcvwr3,gcvwr3|Historical,Structure,Historical,Structure|30,30,30,30|5,5,5,5|50,46,64,39|1185511249,1185507321,1185523514,1185501293
23480782@N05|1,3,9|gcvwr1,gcvwr2,gcvwr3|Historical,Museum,Cultural|33,33,33|3,3,3|68,62,46|1313572305,1313566365,1313552047
23518714@N00|1,8,9,15,19,24,29|gcvwr1,gcvwr3,gcvwr3,gcvwr3,gcvwr3,gcvwrc,gcvwr3|Historical,Historical,Cultural,Structure,Structure,Entertainment,Structure|30,30,30,30,30,30,30|1,1,1,1,1,1,1|38,20,18,21,20,19,26|1216604200,1216588004,1216586133,1216589325,1216587833,1216587181,1216593749
23539578@N06|1,8,9,19|gcvwr1,gcvwr3,gcvwr3,gcvwr3|Historical,Historical,Cultural,Structure|36,36,36,36|1,1,1,1|81,50,49,48|1251720977,1251693386,1251692904,1251691279
23539578@N06|1,9,15,19|gcvwr1,gcvwr3,gcvwr3,gcvwr3|Historical,Cultural,Structure,Structure|36,36,36,36|2,2,2,2|37,33,70,47|1251768244,1251764482,1251797971,1251777089
23837403@N03|15,18,19|gcvwr3,gcvwr1,gcvwr3|Structure,Park,Structure|36,36,36|3,3,3|92,92,92|557589601,557589606,557589600
23837403@N03|1,2,10,11,23|gcvwr1,gcvwrc,gcvwrd,gcvwrd,gcvwrd|Historical,Historical,Park,Historical,Structure|36,36,36,36,36|5,5,5,5,5|49,63,58,56,50|557724000,557736600,557732573,557730022,557724600
23873159@N08|3,17,19,29|gcvwr2,gcvwr3,gcvwr3,gcvwr3|Museum,Structure,Structure,Structure|31,31,31,31|7,7,7,7|40,40,53,47|1123380584,1123380162,1123392522,1123386395
24183489@N00|3,10,11|gcvwr2,gcvwrd,gcvwrd|Museum,Park,Historical|4,4,4|6,6,6|37,27,26|1296263965,1296254850,1296254179
24401095@N00|1,9,15,18,29|gcvwr1,gcvwr3,gcvwr3,gcvwr1,gcvwr3|Historical,Cultural,Structure,Park,Structure|39,39,39,39,39|1,1,1,1,1|48,50,49,49,50|1127707956,1127709573,1127708498,1127708379,1127709094
24401095@N00|1,3,8,13|gcvwr1,gcvwr2,gcvwr3,gcvwr2|Historical,Museum,Historical,Cultural|39,39,39,39|7,7,7,7|86,86,84,84|1128260173,1128260166,1128258011,1128258487
24616128@N00|1,9,15,19,29|gcvwr1,gcvwr3,gcvwr3,gcvwr3,gcvwr3|Historical,Cultural,Structure,Structure,Structure|43,43,43,43,43|7,7,7,7,7|53,55,25,36,28|1351401752,1351403510,1351376913,1351386074,1351379208
24645033@N00|8,19,22|gcvwr3,gcvwr3,gcvwr1|Historical,Structure,Structure|1,1,1|2,2,2|73,73,73|1136283541,1136283515,1136283523
24645033@N00|10,11,19|gcvwrd,gcvwrd,gcvwr3|Park,Historical,Structure|9,9,9|5,5,5|34,34,34|1141345834,1141345830,1141345874
24645033@N00|8,11,19,23|gcvwr3,gcvwrd,gcvwr3,gcvwrd|Historical,Historical,Structure,Structure|10,10,10,10|2,2,2,2|26,26,26,26|1141684836,1141684863,1141684836,1141684863
24697990@N00|4,9,24,29|gcvwr9,gcvwr3,gcvwrc,gcvwr3|Structure,Cultural,Entertainment,Structure|48,48,48,48|3,3,3,3|43,39,42,37|1322621100,1322617936,1322620624,1322616380
24803078@N00|8,9,15,16,19,29|gcvwr3,gcvwr3,gcvwr3,gcvwr3,gcvwr3,gcvwr3|Historical,Cultural,Structure,Museum,Structure,Structure|47,47,47,47,47,47|7,7,7,7,7,7|76,77,40,40,76,40|1227438475,1227439421,1227405719,1227405832,1227438430,1227406418
24931020@N02|1,4,10,11,16,17,19,23,29|gcvwr1,gcvwr9,gcvwrd,gcvwrd,gcvwr3,gcvwr3,gcvwr3,gcvwrd,gcvwr3|Historical,Structure,Park,Historical,Museum,Structure,Structure,Structure,Structure|42,42,42,42,42,42,42,42,42|4,4,4,4,4,4,4,4,4|47,52,51,50,41,49,49,51,47|1287633379,1287637387,1287636470,1287635652,1287627705,1287634946,1287635152,1287636452,1287633373
25034321@N05|8,12,15,18|gcvwr3,gcvwr0,gcvwr3,gcvwr1|Historical,Cultural,Structure,Park|4,4,4,4|5,5,5,5|44,35,33,34|1390532745,1390525027,1390522798,1390523553
25148740@N03|1,2,4,9,10,11,29|gcvwr1,gcvwrc,gcvwr9,gcvwr3,gcvwrd,gcvwrd,gcvwr3|Historical,Historical,Structure,Cultural,Park,Historical,Structure|43,43,43,43,43,43,43|6,6,6,6,6,6,6|6,14,15,7,16,17,6|1193420035,1193427777,1193427996,1193421449,1193429214,1193430286,1193420106
25302607@N00|1,8,9,10,11|gcvwr1,gcvwr3,gcvwr3,gcvwrd,gcvwrd|Historical,Historical,Cultural,Park,Historical|49,49,49,49,49|1,1,1,1,1|41,43,55,33,46|1228098269,1228099898,1228110618,1228091188,1228102201
25389244@N00|1,2,4,9,19,29|gcvwr1,gcvwrc,gcvwr9,gcvwr3,gcvwr3,gcvwr3|Historical,Historical,Structure,Cultural,Structure,Structure|37,37,37,37,37,37|1,1,1,1,1,1|0,4,14,17,19,15|1000051740,1000055692,1000064696,1000066640,1000068571,1000065055
25396215@N00|8,9,15,16,18,29|gcvwr3,gcvwr3,gcvwr3,gcvwr3,gcvwr1,gcvwr3|Historical,Cultural,Structure,Museum,Park,Structure|30,30,30,30,30,30|4,4,4,4,4,4|34,31,32,32,33,31|1216860169,1216857028,1216858156,1216857846,1216858843,1216857587
25396215@N00|8,13,17,19,28|gcvwr3,gcvwr2,gcvwr3,gcvwr3,gcvwr3|Historical,Cultural,Structure,Structure,Structure|30,30,30,30,30|5,5,5,5,5|21,31,22,21,22|1216934156,1216943314,1216935187,1216934877,1216935398
25561968@N00|2,11,23|gcvwrc,gcvwrd,gcvwrd|Historical,Historical,Structure|42,42,42|1,1,1|62,63,63|1192433713,1192434871,1192435060
25866217@N00|9,18,24|gcvwr3,gcvwr1,gcvwrc|Cultural,Park,Entertainment|22,22,22|3,3,3|85,82,92|1149082183,1149079262,1149087975
25866217@N00|1,18,29|gcvwr1,gcvwr1,gcvwr3|Historical,Park,Structure|23,23,23|4,4,4|94,94,72|1149780677,1149781401,1149761039
25984556@N07|1,8,9,12,15,16,17,29|gcvwr1,gcvwr3,gcvwr3,gcvwr0,gcvwr3,gcvwr3,gcvwr3,gcvwr3|Historical,Historical,Cultural,Cultural,Structure,Museum,Structure,Structure|24,24,24,24,24,24,24,24|2,2,2,2,2,2,2,2|62,60,61,63,59,59,60,62|1213083491,1213081260,1213082474,1213083927,1213080809,1213080532,1213081930,1213083328
25984556@N07|15,17,29|gcvwr3,gcvwr3,gcvwr3|Structure,Structure,Structure|24,24,24|3,3,3|47,56,54|1213156583,1213164710,1213162402
26052518@N05|9,15,29|gcvwr3,gcvwr3,gcvwr3|Cultural,Structure,Structure|39,39,39|1,1,1|75,69,68|1348484383,1348478793,1348477709
26226560@N02|9,17,29|gcvwr3,gcvwr3,gcvwr3|Cultural,Structure,Structure|33,33,33|6,6,6|61,61,59|1313824902,1313824936,1313823135
26226560@N02|3,9,15,17|gcvwr2,gcvwr3,gcvwr3,gcvwr3|Museum,Cultural,Structure,Structure|33,33,33,33|7,7,7,7|44,50,54,51|1313896176,1313901422,1313905174,1313902458
26265986@N00|1,3,18|gcvwr1,gcvwr2,gcvwr1|Historical,Museum,Park|8,8,8|1,1,1|48,51,43|1361160039,1361162797,1361155638
26265986@N00|1,16,18,20,27|gcvwr1,gcvwr3,gcvwr1,gcvwrh,gcvwq9|Historical,Museum,Park,Park,Museum|8,8,8,8,8|3,3,3,3,3|43,31,43,51,35|1361328351,1361317704,1361328691,1361336366,1361321992
26276803@N05|8,9,15,18,19,23|gcvwr3,gcvwr3,gcvwr3,gcvwr1,gcvwr3,gcvwrd|Historical,Cultural,Structure,Park,Structure,Structure|7,7,7,7,7,7|3,3,3,3,3,3|53,51,29,28,33,33|1360733029,1360731203,1360710929,1360710508,1360715065,1360714907
26680618@N02|9,15,16,28|gcvwr3,gcvwr3,gcvwr3,gcvwr3|Cultural,Structure,Museum,Structure|34,34,34,34|5,5,5,5|48,49,48,46|1250827446,1250828217,1250827972,1250826044
26835091@N04|13,15,17,28|gcvwr2,gcvwr3,gcvwr3,gcvwr3|Cultural,Structure,Structure,Structure|38,38,38,38|7,7,7,7|34,51,42,34|1348361017,1348375872,1348368247,1348361008
27017895@N02|3,17,29|gcvwr2,gcvwr3,gcvwr3|Museum,Structure,Structure|38,38,38|6,6,6|35,31,45|1221872008,1221868773,1221881249
27105072@N00|3,28,29|gcvwr2,gcvwr3,gcvwr3|Museum,Structure,Structure|23,23,23|5,5,5|59,59,49|1339138236,1339138199,1339129223
27195496@N00|4,8,9|gcvwr9,gcvwr3,gcvwr3|Structure,Historical,Cultural|24,24,24|3,3,3|83,80,81|1371041544,1371039241,1371039395
27462949@N00|1,3,9,10,19|gcvwr1,gcvwr2,gcvwr3,gcvwrd,gcvwr3|Historical,Museum,Cultural,Park,Structure|22,22,22,22,22|3,3,3,3,3|22,16,24,29,24|1211924250,1211919231,1211925757,1211930217,1211925935
27594569@N04|9,17,28,29|gcvwr3,gcvwr3,gcvwr3,gcvwr3|Cultural,Structure,Structure,Structure|35,35,35,35|7,7,7,7|86,87,74,86|1283694079,1283694381,1283683347,1283693547
27681741@N06|3,18,19|gcvwr2,gcvwr1,gcvwr3|Museum,Park,Structure|38,38,38|6,6,6|58,53,61|1348295400,1348291746,1348298107
27681741@N06|9,10,11,23|gcvwr3,gcvwrd,gcvwrd,gcvwrd|Cultural,Park,Historical,Structure|38,38,38,38|6,6,6,6|38,55,56,42|1379727885,1379742666,1379743318,1379731309
27718315@N02|9,19,29|gcvwr3,gcvwr3,gcvwr3|Cultural,Structure,Structure|47,47,47|6,6,6|50,56,45|1385181259,1385186965,1385176599
27817416@N02|9,18,19|gcvwr3,gcvwr1,gcvwr3|Cultural,Park,Structure|51,51,51|3,3,3|28,53,37|1292972473,1292995711,1292981258
27817416@N02|9,15,29|gcvwr3,gcvwr3,gcvwr3|Cultural,Structure,Structure|52,52,52|3,3,3|37,59,49|1293585986,1293605485,1293596433
27828336@N00|16,18,29|gcvwr3,gcvwr1,gcvwr3|Museum,Park,Structure|39,39,39|4,4,4|43,47,46|1380163667,1380167714,1380166376
27948364@N00|3,9,15,16,29|gcvwr2,gcvwr3,gcvwr3,gcvwr3,gcvwr3|Museum,Cultural,Structure,Museum,Structure|48,48,48,48,48|3,3,3,3,3|58,47,56,56,57|1291185053,1291175709,1291183562,1291183916,1291184453
27948364@N00|1,3,15|gcvwr1,gcvwr2,gcvwr3|Historical,Museum,Structure|48,48,48|4,4,4|48,47,52|1291262847,1291261902,1291266481
28103568@N00|8,9,11,16,18,19,23|gcvwr3,gcvwr3,gcvwrd,gcvwr3,gcvwr1,gcvwr3,gcvwrd|Historical,Cultural,Historical,Museum,Park,Structure,Structure|39,39,39,39,39,39,39|4,4,4,4,4,4,4|40,40,40,40,40,40,40|1348711928,1348711925,1348711915,1348711890,1348711898,1348711922,1348711906
28355390@N03|9,11,15,16,23,29|gcvwr3,gcvwrd,gcvwr3,gcvwr3,gcvwrd,gcvwr3|Cultural,Historical,Structure,Museum,Structure,Structure|26,26,26,26,26,26|4,4,4,4,4,4|84,76,82,83,78,84|1214485890,1214478312,1214484106,1214484810,1214480040,1214485326
28370443@N08|2,4,9,23|gcvwrc,gcvwr9,gcvwr3,gcvwrd|Historical,Structure,Cultural,Structure|36,36,36,36|2,2,2,2|60,61,51,51|1188889321,1188890226,1188881555,1188881699
28404646@N00|3,11,19,28|gcvwr2,gcvwrd,gcvwr3,gcvwr3|Museum,Historical,Structure,Structure|25,25,25,25|3,3,3,3|26,48,48,51|1213742647,1213762373,1213762209,1213765181
28404646@N00|4,19,23,24|gcvwr9,gcvwr3,gcvwrd,gcvwrc|Structure,Structure,Structure,Entertainment|45,45,45,45|6,6,6,6|48,43,47,50|1226116819,1226112373,1226116233,1226119468
28536568@N00|1,9,19,29|gcvwr1,gcvwr3,gcvwr3,gcvwr3|Historical,Cultural,Structure,Structure|33,33,33,33|1,1,1,1|42,45,52,44|1249871408,1249874546,1249880858,1249873650
28536568@N00|2,4,19|gcvwrc,gcvwr9,gcvwr3|Historical,Structure,Structure|33,33,33|4,4,4|44,43,46|1250132708,1250131666,1250134934
28543475@N08|3,17,28|gcvwr2,gcvwr3,gcvwr3|Museum,Structure,Structure|33,33,33|3,4,4|67,2,7|1218617975,1218645666,1218649811
28543475@N08|12,13,29|gcvwr0,gcvwr2,gcvwr3|Cultural,Cultural,Structure|35,35,35|1,1,1|73,78,70|1219659365,1219663962,1219657426
28638538@N00|1,8,9,29|gcvwr1,gcvwr3,gcvwr3,gcvwr3|Historical,Historical,Cultural,Structure|45,45,45,45|5,5,5,5|20,14,15,24|1194556058,1194550271,1194551508,1194559624
29057345@N04|3,9,22|gcvwr2,gcvwr3,gcvwr1|Museum,Cultural,Structure|43,43,43|3,3,3|46,49,55|1382499384,1382502537,1382507177
29172291@N00|1,2,3,4,8,9,10,11,29|gcvwr1,gcvwrc,gcvwr2,gcvwr9,gcvwr3,gcvwr3,gcvwrd,gcvwrd,gcvwr3|Historical,Historical,Museum,Structure,Historical,Cultural,Park,Historical,Structure|7,7,7,7,7,7,7,7,7|6,6,6,6,6,6,6,6,6|35,43,37,44,49,37,45,45,35|1392425680,1392433137,1392427048,1392433213,1392438411,1392427742,1392434962,1392434818,1392425861
29624180@N04|1,8,9,29|gcvwr1,gcvwr3,gcvwr3,gcvwr3|Historical,Historical,Cultural,Structure|32,32,32,32|2,2,2,2|50,67,65,61|1312864273,1312880301,1312877805,1312874871
29797746@N08|1,2,4,8,9,10,11,15,16,19,23,29|gcvwr1,gcvwrc,gcvwr9,gcvwr3,gcvwr3,gcvwrd,gcvwrd,gcvwr3,gcvwr3,gcvwr3,gcvwrd,gcvwr3|Historical,Historical,Structure,Historical,Cultural,Park,Historical,Structure,Museum,Structure,Structure,Structure|13,13,13,13,13,13,13,13,13,13,13,13|5,5,5,5,5,5,5,5,5,5,5,5|50,54,54,67,59,57,57,61,37,58,58,59|1364531758,1364535022,1364535444,1364547021,1364540094,1364538219,1364537991,1364541663,1364519940,1364539279,1364538943,1364540087
29812295@N07|1,3,17,29|gcvwr1,gcvwr2,gcvwr3,gcvwr3|Historical,Museum,Structure,Structure|42,42,42,42|5,5,5,5|49,50,50,50|1224217032,1224218456,1224218341,1224217959
29812295@N07|3,9,11,23|gcvwr2,gcvwr3,gcvwrd,gcvwrd|Museum,Cultural,Historical,Structure|42,42,42,42|7,7,7,7|44,34,32,33|1224385216,1224376860,1224375219,1224375651
29978367@N00|1,2,3,17,29|gcvwr1,gcvwrc,gcvwr2,gcvwr3,gcvwr3|Historical,Historical,Museum,Structure,Structure|50,50,50,50,50|3,3,3,3,3|80,47,60,34,80|1260360422,1260330534,1260342033,1260318805,1260360776
30099537@N02|1,8,29|gcvwr1,gcvwr3,gcvwr3|Historical,Historical,Structure|16,16,16|2,2,2|49,51,49|1303187240,1303188366,1303187029
30129139@N04|3,11,23,28|gcvwr2,gcvwrd,gcvwrd,gcvwr3|Museum,Historical,Structure,Structure|52,52,52,52|1,1,1,1|48,58,57,47|1356321900,1356330866,1356329806,1356321224
30409117@N07|3,19,28|gcvwr2,gcvwr3,gcvwr3|Museum,Structure,Structure|4,4,4|2,2,2|24,55,53|1295906957,1295934903,1295932947
30420228@N05|1,3,9|gcvwr1,gcvwr2,gcvwr3|Historical,Museum,Cultural|31,31,31|2,2,2|38,37,33|1248744703,1248744496,1248740584
30671962@N05|9,17,20|gcvwr3,gcvwr3,gcvwrh|Cultural,Structure,Park|33,33,33|6,6,6|61,62,81|1250321159,1250321654,1250339070
30713600@N00|1,3,15,16|gcvwr1,gcvwr2,gcvwr3,gcvwr3|Historical,Museum,Structure,Museum|25,25,25,25|3,3,3,3|47,78,78,78|1277265343,1277292683,1277292806,1277292903
30963564@N00|2,10,16|gcvwrc,gcvwrd,gcvwr3|Historical,Park,Museum|40,40,40|7,7,7|38,56,46|1349573595,1349589812,1349581303
30985799@N00|1,3,16,17,29|gcvwr1,gcvwr2,gcvwr3,gcvwr3,gcvwr3|Historical,Museum,Museum,Structure,Structure|29,29,29,29,29|2,2,2,2,2|51,61,48,65,54|1247547344,1247556465,1247544453,1247559407,1247550183
30985799@N00|4,8,24|gcvwr9,gcvwr3,gcvwrc|Structure,Historical,Entertainment|36,36,36|1,1,1|39,54,40|1283737708,1283751430,1283738585
31363435@N07|3,9,17,18,19,29|gcvwr2,gcvwr3,gcvwr3,gcvwr1,gcvwr3,gcvwr3|Museum,Cultural,Structure,Park,Structure,Structure|37,37,37,37,37,37|3,3,3,3,3,3|79,80,68,60,72,66|1252497272,1252498071,1252486870,1252480210,1252490497,1252485877
31363435@N07|3,9,10,11,17,19,23,29|gcvwr2,gcvwr3,gcvwrd,gcvwrd,gcvwr3,gcvwr3,gcvwrd,gcvwr3|Museum,Cultural,Park,Historical,Structure,Structure,Structure,Structure|37,37,37,37,37,37,37,37|4,4,4,4,4,4,4,4|45,62,70,70,59,32,67,60|1252552595,1252568526,1252575020,1252575707,1252565692,1252541305,1252572369,1252566731
31397036@N00|1,17,29|gcvwr1,gcvwr3,gcvwr3|Historical,Structure,Structure|14,14,14|2,2,2|51,43,45|1238474812,1238467828,1238470102
31450835@N05|3,8,9,16,17,28,29|gcvwr2,gcvwr3,gcvwr3,gcvwr3,gcvwr3,gcvwr3,gcvwr3|Museum,Historical,Cultural,Museum,Structure,Structure,Structure|33,33,33,33,33,33,33|4,4,4,4,4,4,4|56,58,57,36,48,53,38|1313647493,1313649078,1313648995,1313629720,1313640588,1313644671,1313631210
31612046@N04|1,4,9,17|gcvwr1,gcvwr9,gcvwr3,gcvwr3|Historical,Structure,Cultural,Structure|32,32,32,32|7,7,7,7|53,70,50,72|1313299006,1313314336,1313297071,1313316057
31803571@N02|2,23,29|gcvwrc,gcvwrd,gcvwr3|Historical,Structure,Structure|31,31,31|7,7,7|44,37,67|1375585726,1375579273,1375606656
32054787@N00|4,9,17|gcvwr9,gcvwr3,gcvwr3|Structure,Cultural,Structure|15,15,15|6,6,6|63,63,62|1302940766,1302939910,1302939298
32054787@N00|2,9,17|gcvwrc,gcvwr3,gcvwr3|Historical,Cultural,Structure|45,45,45|6,6,6|44,50,61|1352516974,1352522141,1352531914
32263295@N00|15,19,28|gcvwr3,gcvwr3,gcvwr3|Structure,Structure,Structure|35,35,35|2,2,2|60,64,66|1188284825,1188288285,1188290221
32263295@N00|8,13,15,28|gcvwr3,gcvwr2,gcvwr3,gcvwr3|Historical,Cultural,Structure,Structure|35,35,35,35|6,6,6,6|69,42,69,71|1251537926,1251513474,1251537675,1251539719
32329639@N00|4,8,9,15,18,29|gcvwr9,gcvwr3,gcvwr3,gcvwr3,gcvwr1,gcvwr3|Structure,Historical,Cultural,Structure,Park,Structure|33,33,33,33,33,33|2,2,2,2,2,2|40,15,33,16,18,32|1187057536,1187034832,1187050568,1187036071,1187037156,1187050287
32481757@N04|1,2,4,9,17,23,29|gcvwr1,gcvwrc,gcvwr9,gcvwr3,gcvwr3,gcvwrd,gcvwr3|Historical,Historical,Structure,Cultural,Structure,Structure,Structure|33,33,33,33,33,33,33|2,2,2,2,2,2,2|43,60,61,35,34,33,50|1344912642,1344927960,1344928546,1344905497,1344904503,1344904154,1344918800
32693718@N07|3,18,19|gcvwr2,gcvwr1,gcvwr3|Museum,Park,Structure|23,23,23|2,2,2|88,88,88|833896822,833896806,833896824
32812410@N06|1,3,9,15,18,19,29|gcvwr1,gcvwr2,gcvwr3,gcvwr3,gcvwr1,gcvwr3,gcvwr3|Historical,Museum,Cultural,Structure,Park,Structure,Structure|30,30,30,30,30,30,30|5,5,5,5,5,5,5|41,68,46,77,77,47,46|1280456982,1280480923,1280461144,1280488539,1280489074,1280462391,1280460949
33278177@N00|1,4,18|gcvwr1,gcvwr9,gcvwr1|Historical,Structure,Park|22,22,22|2,2,2|57,48,53|1243318751,1243311028,1243315093
33613749@N00|1,9,15,29|gcvwr1,gcvwr3,gcvwr3,gcvwr3|Historical,Cultural,Structure,Structure|28,28,28,28|7,7,7,7|44,64,67,42|1215918719,1215936715,1215939290,1215917036
33925347@N05|9,12,15,19|gcvwr3,gcvwr0,gcvwr3,gcvwr3|Cultural,Cultural,Structure,Structure|6,6,6,6|1,1,1,1|34,33,33,34|1233535414,1233534321,1233534047,1233535345
34427470616@N01|3,9,12,29|gcvwr2,gcvwr3,gcvwr0,gcvwr3|Museum,Cultural,Cultural,Structure|51,51,51,51|2,2,2,2|30,32,50,31|1166484638,1166486401,1166502804,1166486336
34427470616@N01|9,12,13,20|gcvwr3,gcvwr0,gcvwr2,gcvwrh|Cultural,Cultural,Cultural,Park|26,26,26,26|6,6,6,6|19,35,31,83|1183150571,1183165168,1183161523,1183208164
34427470616@N01|3,9,28,29|gcvwr2,gcvwr3,gcvwr3,gcvwr3|Museum,Cultural,Structure,Structure|52,52,52,52|1,1,1,1|44,46,43,45|1356318462,1356319918,1356317965,1356319374
34792843@N04|1,15,18|gcvwr1,gcvwr3,gcvwr1|Historical,Structure,Park|48,48,48|5,5,5|35,56,24|1385686741,1385705386,1385676533
34792843@N04|9,17,18,29|gcvwr3,gcvwr3,gcvwr1,gcvwr3|Cultural,Structure,Park,Structure|48,48,48,48|6,6,6,6|51,39,49,53|1385787314,1385776411,1385785435,1385789329
34961066@N00|4,9,29|gcvwr9,gcvwr3,gcvwr3|Structure,Cultural,Structure|32,32,32|7,7,7|68,68,68|1124010082,1124010826,1124010082
35034357529@N01|9,15,16|gcvwr3,gcvwr3,gcvwr3|Cultural,Structure,Museum|34,34,34|3,3,3|57,51,51|1282717209,1282711857,1282711544
35703376@N00|1,2,29|gcvwr1,gcvwrc,gcvwr3|Historical,Historical,Structure|35,35,35|4,4,4|92,92,92|620575200,620575200,620575200
36101699310@N01|8,9,10,15,19|gcvwr3,gcvwr3,gcvwrd,gcvwr3,gcvwr3|Historical,Cultural,Park,Structure,Structure|53,53,53,53,53|5,5,5,5,5|54,55,45,31,43|1262323901,1262324978,1262315966,1262303902,1262314703
36101699310@N01|4,8,24,29|gcvwr9,gcvwr3,gcvwrc,gcvwr3|Structure,Historical,Entertainment,Structure|53,53,53,53|6,6,6,6|36,46,37,33|1262394383,1262403848,1262395333,1262391724
36424619@N00|3,4,7,23|gcvwr2,gcvwr9,gcvy20,gcvwrd|Museum,Structure,Park,Structure|6,6,6,6|7,7,7,7|55,39,37,41|1139723399,1139709565,1139707248,1139710873
36539950@N00|10,12,23|gcvwrd,gcvwr0,gcvwrd|Park,Cultural,Structure|47,47,47|1,1,1|28,56,28|1384729886,1384754495,1384729581
36749913@N00|12,15,18|gcvwr0,gcvwr3,gcvwr1|Cultural,Structure,Park|12,12,12|6,6,6|39,48,47|1206150543,1206158593,1206158034
36749913@N00|1,3,12,29|gcvwr1,gcvwr2,gcvwr0,gcvwr3|Historical,Museum,Cultural,Structure|14,14,14,14|7,7,7,7|51,60,50,52|1207457197,1207465553,1207456690,1207458298
36749913@N00|10,11,23|gcvwrd,gcvwrd,gcvwrd|Park,Historical,Structure|15,15,15|5,5,5|53,54,53|1207891676,1207892659,1207891248
36967808@N00|1,8,16,18,28,29|gcvwr1,gcvwr3,gcvwr3,gcvwr1,gcvwr3,gcvwr3|Historical,Historical,Museum,Park,Structure,Structure|36,36,36,36,36,36|5,5,5,5,5,5|54,67,50,74,53,42|1315546703,1315558732,1315543332,1315564250,1315546031,1315535537
37029314@N00|1,2,4,9,12,15,16,18,29|gcvwr1,gcvwrc,gcvwr9,gcvwr3,gcvwr0,gcvwr3,gcvwr3,gcvwr1,gcvwr3|Historical,Historical,Structure,Cultural,Cultural,Structure,Museum,Park,Structure|15,15,15,15,15,15,15,15,15|2,2,2,2,2,2,2,2,2|54,39,47,56,54,56,56,55,56|1302586303,1302572990,1302580239,1302588334,1302586653,1302588007,1302588030,1302587559,1302588114
37185577@N00|1,9,18,29|gcvwr1,gcvwr3,gcvwr1,gcvwr3|Historical,Cultural,Park,Structure|2,2,2,2|3,3,3,3|49,56,45,43|1389154706,1389161618,1389151720,1389149833
37574483@N07|3,18,19|gcvwr2,gcvwr1,gcvwr3|Museum,Park,Structure|18,18,18|3,3,3|60,55,57|1335942881,1335937604,1335940042
37804979@N00|8,19,29|gcvwr3,gcvwr3,gcvwr3|Historical,Structure,Structure|15,15,15|4,4,4|65,60,59|1271320018,1271314994,1271314315
37996646802@N01|1,7,9|gcvwr1,gcvy20,gcvwr3|Historical,Park,Cultural|45,45,45|1,1,1|51,56,46|1383540856,1383545291,1383536539
37996646802@N01|8,15,16|gcvwr3,gcvwr3,gcvwr3|Historical,Structure,Museum|45,45,45|2,2,2|37,35,36|1383614308,1383612790,1383614096
38115734@N00|1,4,24|gcvwr1,gcvwr9,gcvwrc|Historical,Structure,Entertainment|37,37,37|4,4,4|35,42,42|1126745446,1126751854,1126752290
38115734@N00|7,15,18|gcvy20,gcvwr3,gcvwr1|Park,Structure,Park|38,38,38|5,5,5|33,21,20|1127434892,1127424313,1127423598
38783516@N00|3,8,9|gcvwr2,gcvwr3,gcvwr3|Museum,Historical,Cultural|52,52,52|6,6,6|73,75,74|1167473862,1167476239,1167474703
38943965@N05|1,8,9,22,29|gcvwr1,gcvwr3,gcvwr3,gcvwr1,gcvwr3|Historical,Historical,Cultural,Structure,Structure|38,38,38,38,38|7,7,7,7,7|15,9,16,10,11|1253389700,1253384908,1253390846,1253385585,1253386448
39927207@N00|1,9,17,19|gcvwr1,gcvwr3,gcvwr3,gcvwr3|Historical,Cultural,Structure,Structure|3,3,3,3|2,2,2,2|17,16,20,43|1200341923,1200340967,1200344482,1200365812
40055757@N00|4,8,19|gcvwr9,gcvwr3,gcvwr3|Structure,Historical,Structure|31,31,31|2,2,2|60,54,57|1185865823,1185860150,1185863313
40139809@N00|2,9,23,29|gcvwrc,gcvwr3,gcvwrd,gcvwr3|Historical,Cultural,Structure,Structure|1,1,1,1|1,1,1,1|35,35,35,35|1167612718,1167612708,1167612620,1167612646
40230716@N03|1,8,9|gcvwr1,gcvwr3,gcvwr3|Historical,Historical,Cultural|21,21,21|7,7,7|63,62,51|1306655928,1306654241,1306644523
40725466@N03|1,8,15,19,29|gcvwr1,gcvwr3,gcvwr3,gcvwr3,gcvwr3|Historical,Historical,Structure,Structure,Structure|34,34,34,34,34|3,3,3,3,3|57,71,71,67,60|1282717708,1282730358,1282729969,1282726560,1282720356
41692261@N00|1,9,29|gcvwr1,gcvwr3,gcvwr3|Historical,Cultural,Structure|37,37,37|2,2,2|38,37,38|1347327702,1347326817,1347327335
41894148532@N01|3,15,16,29|gcvwr2,gcvwr3,gcvwr3,gcvwr3|Museum,Structure,Museum,Structure|26,26,26,26|6,6,6,6|51,51,51,51|1120279534,1120280281,1120280211,1120280051
42027916@N00|15,19,22|gcvwr3,gcvwr3,gcvwr1|Structure,Structure,Structure|27,27,27|3,3,3|13,14,16|1309893815,1309894506,1309896369
42027916@N00|1,18,29|gcvwr1,gcvwr1,gcvwr3|Historical,Park,Structure|27,27,27|4,4,4|18,21,18|1309984964,1309987271,1309985059
42027916@N00|15,28,29|gcvwr3,gcvwr3,gcvwr3|Structure,Structure,Structure|27,27,27|6,6,6|19,41,17|1310158652,1310177898,1310156587
42072165@N08|1,9,29|gcvwr1,gcvwr3,gcvwr3|Historical,Cultural,Structure|4,4,4|7,7,7|54,54,61|1327815886,1327815330,1327821475
42348675@N00|3,9,15,18,29|gcvwr2,gcvwr3,gcvwr3,gcvwr1,gcvwr3|Museum,Cultural,Structure,Park,Structure|26,26,26,26,26|6,6,6,6,6|36,36,36,36,36|1120266095,1120266091,1120266049,1120266086,1120266088
42348675@N00|9,15,17,27|gcvwr3,gcvwr3,gcvwr3,gcvwq9|Cultural,Structure,Structure,Museum|25,25,25,25|3,3,3,3|32,31,43,36|1150848310,1150847754,1150858784,1150852407
42348675@N00|10,11,28|gcvwrd,gcvwrd,gcvwr3|Park,Historical,Structure|8,8,8|2,2,2|69,72,79|1203413028,1203415525,1203422010
42479008@N02|2,4,10,11,23|gcvwrc,gcvwr9,gcvwrd,gcvwrd,gcvwrd|Historical,Structure,Park,Historical,Structure|23,23,23,23,23|5,5,5,5,5|35,36,38,40,40|1370566769,1370567029,1370569362,1370570661,1370570826
42509361@N05|1,15,19,29|gcvwr1,gcvwr3,gcvwr3,gcvwr3|Historical,Structure,Structure,Structure|22,22,22,22|3,3,3,3|39,51,43,30|1275443582,1275454214,1275447135,1275435835
42583704@N00|2,3,4,7,17,19,24|gcvwrc,gcvwr2,gcvwr9,gcvy20,gcvwr3,gcvwr3,gcvwrc|Historical,Museum,Structure,Park,Structure,Structure,Entertainment|32,32,32,32,32,32,32|2,2,2,2,2,2,2|48,60,49,45,58,33,48|1249359239,1249369820,1249359410,1249355747,1249367953,1249345218,1249358926
42583704@N00|1,8,15,19|gcvwr1,gcvwr3,gcvwr3,gcvwr3|Historical,Historical,Structure,Structure|32,32,32,32|4,4,4,4|83,52,51,54|1249563442,1249535584,1249534237,1249536702
42629370@N00|8,9,19,29|gcvwr3,gcvwr3,gcvwr3,gcvwr3|Historical,Cultural,Structure,Structure|33,33,32,33|1,1,7,1|14,4,92,8|1155498020,1155488930,1155481928,1155492174
42629370@N00|2,4,10,11,23|gcvwrc,gcvwr9,gcvwrd,gcvwrd,gcvwrd|Historical,Structure,Park,Historical,Structure|33,33,33,33,33|2,2,2,2,2|94,78,71,73,71|1155656684,1155642046,1155635442,1155637608,1155635585
42629370@N00|3,9,29|gcvwr2,gcvwr3,gcvwr3|Museum,Cultural,Structure|33,33,33|3,3,4|70,92,4|1155721260,1155740687,1155748206
43002463@N00|3,8,19|gcvwr2,gcvwr3,gcvwr3|Museum,Historical,Structure|30,30,30|5,5,5|32,28,24|1185495159,1185491585,1185487441
43126182@N00|3,9,19|gcvwr2,gcvwr3,gcvwr3|Museum,Cultural,Structure|19,19,19|5,5,5|70,64,77|1210326202,1210320505,1210332547
43222683@N00|4,9,18,29|gcvwr9,gcvwr3,gcvwr1,gcvwr3|Structure,Cultural,Park,Structure|44,44,44,44|6,6,6,6|36,38,42,39|1194052338,1194053679,1194057280,1194055106
43405950@N07|3,9,29|gcvwr2,gcvwr3,gcvwr3|Museum,Cultural,Structure|38,38,38|7,7,7|51,49,45|1348376024,1348374246,1348370177
43405950@N07|3,8,12,16,18,29|gcvwr2,gcvwr3,gcvwr0,gcvwr3,gcvwr1,gcvwr3|Museum,Historical,Cultural,Museum,Park,Structure|50,50,50,50,50,50|1,1,1,1,1,1|42,54,32,53,49,35|1355107294,1355117447,1355098193,1355116598,1355113007,1355100920
43405950@N07|3,19,23|gcvwr2,gcvwr3,gcvwrd|Museum,Structure,Structure|12,12,12|4,4,4|40,25,30|1363831804,1363817755,1363822326
43498286@N00|1,9,28,29|gcvwr1,gcvwr3,gcvwr3,gcvwr3|Historical,Cultural,Structure,Structure|12,12,12,12|5,5,5,5|28,16,36,14|1363907621,1363896114,1363914617,1363895094
43498286@N00|8,15,19|gcvwr3,gcvwr3,gcvwr3|Historical,Structure,Structure|12,12,12|7,7,7|23,13,17|1364075238,1364066520,1364070115
43619118@N04|1,8,15|gcvwr1,gcvwr3,gcvwr3|Historical,Historical,Structure|51,51,51|7,7,7|57,63,60|1261290278,1261295809,1261292914
43619118@N04|1,8,9,16,29|gcvwr1,gcvwr3,gcvwr3,gcvwr3,gcvwr3|Historical,Historical,Cultural,Museum,Structure|50,50,50,50,50|7,7,7,7,7|59,64,63,57,62|1324191275,1324196072,1324194839,1324188911,1324194151
44036847@N05|8,9,16,29|gcvwr3,gcvwr3,gcvwr3,gcvwr3|Historical,Cultural,Museum,Structure|43,43,43,43|1,1,1,1|34,36,61,61|1287966905,1287968829,1287991386,1287991137
44124372821@N01|9,15,23|gcvwr3,gcvwr3,gcvwrd|Cultural,Structure,Structure|13,13,13|1,1,1|40,30,43|1395626947,1395617867,1395629707
44124372821@N01|1,3,9|gcvwr1,gcvwr2,gcvwr3|Historical,Museum,Cultural|13,13,13|2,2,2|22,41,41|1395697084,1395714319,1395713909
44124427374@N01|4,9,15,18,22,29|gcvwr9,gcvwr3,gcvwr3,gcvwr1,gcvwr1,gcvwr3|Structure,Cultural,Structure,Park,Structure,Structure|4,4,4,4,4,4|6,6,6,6,6,6|81,79,62,79,59,79|1138450877,1138449393,1138434022,1138448744,1138431557,1138449137
44124427374@N01|2,4,9,15|gcvwrc,gcvwr9,gcvwr3,gcvwr3|Historical,Structure,Cultural,Structure|4,4,4,4|7,7,7,7|53,53,55,56|1138512235,1138512549,1138513715,1138514413
44232237@N03|8,9,15,16,17|gcvwr3,gcvwr3,gcvwr3,gcvwr3,gcvwr3|Historical,Cultural,Structure,Museum,Structure|1,1,1,1,1|4,4,4,4,4|30,31,40,39,34|1388619808,1388620679,1388628511,1388627518,1388622956
44756385@N00|3,4,8,9,29|gcvwr2,gcvwr9,gcvwr3,gcvwr3,gcvwr3|Museum,Structure,Historical,Cultural,Structure|35,35,35,35,35|1,1,1,1,1|36,36,48,41,68|1346029248,1346029242,1346040536,1346034457,1346058258
44756385@N00|3,9,17,28|gcvwr2,gcvwr3,gcvwr3,gcvwr3|Museum,Cultural,Structure,Structure|35,35,35,35|2,2,2,2|30,32,30,31|1346110692,1346112385,1346110781,1346111275
44925192@N00|8,9,15,16|gcvwr3,gcvwr3,gcvwr3,gcvwr3|Historical,Cultural,Structure,Museum|47,47,47,47|5,5,5,5|48,46,42,44|1290744246,1290742474,1290739198,1290740509
44925192@N00|2,4,9|gcvwrc,gcvwr9,gcvwr3|Historical,Structure,Cultural|47,47,47|6,6,6|51,51,49|1290833674,1290833327,1290831791
45457437@N00|8,9,11|gcvwr3,gcvwr3,gcvwrd|Historical,Cultural,Historical|3,3,3|7,7,7|36,36,45|1327194873,1327194317,1327202291
45972156@N04|1,3,9,15,29|gcvwr1,gcvwr2,gcvwr3,gcvwr3,gcvwr3|Historical,Museum,Cultural,Structure,Structure|39,39,39,39,39|3,3,3,3,3|28,26,16,15,16|1348614420,1348612579,1348603527,1348603145,1348603303
45972156@N04|4,7,8,11,18,24|gcvwr9,gcvy20,gcvwr3,gcvwrd,gcvwr1,gcvwrc|Structure,Park,Historical,Historical,Park,Entertainment|39,39,39,39,39,39|4,4,4,4,4,4|1,11,17,3,25,15|1348676735,1348685413,1348690975,1348678400,1348697765,1348689384
45972156@N04|9,19,29|gcvwr3,gcvwr3,gcvwr3|Cultural,Structure,Structure|39,39,39|7,7,7|29,29,28|1348961101,1348961369,1348960119
46237053@N00|10,19,29|gcvwrd,gcvwr3,gcvwr3|Park,Structure,Structure|21,21,21|5,5,5|61,55,52|1211527085,1211522325,1211519389
46952961@N00|8,10,11,19,23|gcvwr3,gcvwrd,gcvwrd,gcvwr3,gcvwrd|Historical,Park,Historical,Structure,Structure|21,21,21,21,21|4,4,4,4,4|32,27,26,30,27|1242864043,1242859755,1242859357,1242862901,1242860387
46980778@N07|1,8,29|gcvwr1,gcvwr3,gcvwr3|Historical,Historical,Structure|51,51,51|7,7,7|53,40,55|1356240290,1356228786,1356241891
47495910@N05|8,9,16,17,29|gcvwr3,gcvwr3,gcvwr3,gcvwr3,gcvwr3|Historical,Cultural,Museum,Structure,Structure|36,36,36,36,36|1,1,1,1,1|74,72,79,75,79|1346668252,1346667113,1346673515,1346669309,1346673104
47495910@N05|1,9,29|gcvwr1,gcvwr3,gcvwr3|Historical,Cultural,Structure|36,36,36|2,2,2|89,90,89|1346768130,1346769177,1346768444
47495910@N05|1,3,9,10,11,12,17,18,28|gcvwr1,gcvwr2,gcvwr3,gcvwrd,gcvwrd,gcvwr0,gcvwr3,gcvwr1,gcvwr3|Historical,Museum,Cultural,Park,Historical,Cultural,Structure,Park,Structure|36,36,36,36,36,36,36,36,36|3,3,3,3,3,3,3,3,3|50,47,46,65,66,50,58,51,56|1346819945,1346817362,1346816297,1346833519,1346834399,1346819681,1346826719,1346820681,1346825456
47616704@N00|8,9,15,16,18,29|gcvwr3,gcvwr3,gcvwr3,gcvwr3,gcvwr1,gcvwr3|Historical,Cultural,Structure,Museum,Park,Structure|20,20,20,20,20,20|1,1,1,1,1,1|69,77,68,68,67,77|1274087742,1274095129,1274087485,1274087519,1274086765,1274095348
47905916@N00|1,2,9,10,17,23,29|gcvwr1,gcvwrc,gcvwr3,gcvwrd,gcvwr3,gcvwrd,gcvwr3|Historical,Historical,Cultural,Park,Structure,Structure,Structure|36,36,36,36,36,36,36|2,2,2,2,2,2,2|63,57,41,37,43,38,45|1125993197,1125988005,1125973172,1125969903,1125975297,1125970297,1125977316
48122140@N00|1,3,8,9,10,17,19,29|gcvwr1,gcvwr2,gcvwr3,gcvwr3,gcvwrd,gcvwr3,gcvwr3,gcvwr3|Historical,Museum,Historical,Cultural,Park,Structure,Structure,Structure|24,24,24,24,24,24,24,24|4,4,4,4,4,4,4,4|30,12,7,12,5,12,5,13|1371080235,1371064022,1371059668,1371064173,1371057544,1371064097,1371057339,1371064874
48277923@N00|1,3,9,29|gcvwr1,gcvwr2,gcvwr3,gcvwr3|Historical,Museum,Cultural,Structure|32,32,32,32|1,1,1,1|69,54,67,40|1281345976,1281332605,1281344017,1281319213
48321512@N06|8,15,18,19,22|gcvwr3,gcvwr3,gcvwr1,gcvwr3,gcvwr1|Historical,Structure,Park,Structure,Structure|20,20,20,20,20|6,6,6,6,6|33,37,36,33,36|1368836776,1368839767,1368838908,1368836507,1368839247
48355243@N00|1,3,9|gcvwr1,gcvwr2,gcvwr3|Historical,Museum,Cultural|22,22,22|3,3,3|48,56,37|1369800217,1369807697,1369790141
49503132817@N01|9,28,29|gcvwr3,gcvwr3,gcvwr3|Cultural,Structure,Structure|25,25,25|7,7,7|83,69,82|1309092484,1309080278,1309091932
49998283@N00|1,9,19|gcvwr1,gcvwr3,gcvwr3|Historical,Cultural,Structure|18,18,18|3,3,3|51,55,68|1209531419,1209535173,1209546358
50195515@N00|1,8,9,11,15,16,29|gcvwr1,gcvwr3,gcvwr3,gcvwrd,gcvwr3,gcvwr3,gcvwr3|Historical,Historical,Cultural,Historical,Structure,Museum,Structure|22,22,22,22,22,22,22|5,5,5,5,5,5,5|34,64,49,59,31,44,43|1243557020,1243584314,1243571224,1243580333,1243554575,1243566150,1243565458
50234824@N07|1,9,18,29|gcvwr1,gcvwr3,gcvwr1,gcvwr3|Historical,Cultural,Park,Structure|39,39,39,39|6,6,6,6|58,55,57,56|1253947158,1253944246,1253946480,1253945135
50509003@N00|1,8,9,18|gcvwr1,gcvwr3,gcvwr3,gcvwr1|Historical,Historical,Cultural,Park|36,36,36,36|3,3,3,3|44,63,37,60|1251860707,1251877823,1251854976,1251875209
50509003@N00|1,8,9,15,18,29|gcvwr1,gcvwr3,gcvwr3,gcvwr3,gcvwr1,gcvwr3|Historical,Historical,Cultural,Structure,Park,Structure|39,39,39,39,39,39|2,2,2,2,2,2|42,42,42,42,42,42|1253587313,1253587374,1253587388,1253587325,1253587345,1253587316
50542255@N00|8,12,15|gcvwr3,gcvwr0,gcvwr3|Historical,Cultural,Structure|49,49,49|4,4,4|75,81,78|1165488577,1165493783,1165491245
50551683@N00|1,3,9,15|gcvwr1,gcvwr2,gcvwr3,gcvwr3|Historical,Museum,Cultural,Structure|52,52,52,52|6,6,6,6|48,59,61,61|1293854489,1293864492,1293866131,1293866122
50794252@N04|1,15,29|gcvwr1,gcvwr3,gcvwr3|Historical,Structure,Structure|4,4,4|5,5,5|47,47,78|1390535509,1390535861,1390563715
50802125@N00|1,9,15|gcvwr1,gcvwr3,gcvwr3|Historical,Cultural,Structure|46,46,46|1,1,1|48,49,50|1131941571,1131941801,1131943410
50833784@N00|1,2,3,4,8,18,19,23,24,29|gcvwr1,gcvwrc,gcvwr2,gcvwr9,gcvwr3,gcvwr1,gcvwr3,gcvwrd,gcvwrc,gcvwr3|Historical,Historical,Museum,Structure,Historical,Park,Structure,Structure,Entertainment,Structure|23,23,23,23,23,23,23,23,23,23|6,6,6,6,6,6,6,6,6,6|55,57,55,56,53,54,57,56,56,55|1370670586,1370672252,1370671039,1370672076,1370669181,1370669668,1370672398,1370671255,1370671899,1370670693
51035639266@N01|1,12,15,19|gcvwr1,gcvwr0,gcvwr3,gcvwr3|Historical,Cultural,Structure,Structure|17,17,17,17|2,2,2,2|80,80,65,65|1145966400,1145966561,1145953570,1145953395
51035737977@N01|4,9,29|gcvwr9,gcvwr3,gcvwr3|Structure,Cultural,Structure|44,44,44|7,7,7|30,51,57|1289086502,1289105516,1289110960
51272891@N00|3,9,19,23,29|gcvwr2,gcvwr3,gcvwr3,gcvwrd,gcvwr3|Museum,Cultural,Structure,Structure,Structure|29,29,29,29,29|3,3,3,3,3|49,41,55,44,40|1184732732,1184724968,1184737954,1184727786,1184724448
51367743@N00|1,16,29|gcvwr1,gcvwr3,gcvwr3|Historical,Museum,Structure|31,31,31|4,4,4|48,62,52|1186027201,1186040532,1186030959
51367743@N00|1,2,8,11,16|gcvwr1,gcvwrc,gcvwr3,gcvwrd,gcvwr3|Historical,Historical,Historical,Historical,Museum|32,32,32,32,32|1,1,1,1,1|57,76,56,55,77|1186381302,1186398063,1186380129,1186379832,1186398914
52015062@N00|1,8,9,15,19,29|gcvwr1,gcvwr3,gcvwr3,gcvwr3,gcvwr3,gcvwr3|Historical,Historical,Cultural,Structure,Structure,Structure|9,9,9,9,9,9|5,5,5,5,5,5|32,33,57,33,40,32|1299197357,1299197963,1299219869,1299198169,1299204471,1299197654
52015062@N00|2,4,9,19|gcvwrc,gcvwr9,gcvwr3,gcvwr3|Historical,Structure,Cultural,Structure|9,9,9,9|6,6,6,6|2,1,50,32|1299256642,1299255314,1299299941,1299284002
52439376@N00|4,8,17,19,29|gcvwr9,gcvwr3,gcvwr3,gcvwr3,gcvwr3|Structure,Historical,Structure,Structure,Structure|37,37,37,37,37|3,3,3,3,3|52,40,50,53,54|1284527041,1284516740,1284525444,1284528277,1284529209
52683275@N00|1,3,9|gcvwr1,gcvwr2,gcvwr3|Historical,Museum,Cultural|30,30,30|4,4,4|33,33,33|1216859144,1216859196,1216859178
52706710@N03|1,3,8,15|gcvwr1,gcvwr2,gcvwr3,gcvwr3|Historical,Museum,Historical,Structure|16,16,16,16|5,5,5,5|61,51,52,52|1303456890,1303447655,1303448578,1303448963
53836246@N00|2,4,8,10|gcvwrc,gcvwr9,gcvwr3,gcvwrd|Historical,Structure,Historical,Park|52,52,52,52|4,4,4,4|49,49,54,49|1388031435,1388031754,1388035899,1388031481
53836246@N00|9,10,11,16,19|gcvwr3,gcvwrd,gcvwrd,gcvwr3,gcvwr3|Cultural,Park,Historical,Museum,Structure|1,1,1,1,1|1,1,1,1,1|67,70,69,68,71|1388393898,1388396234,1388395740,1388394170,1388397353
53836246@N00|2,4,10,11|gcvwrc,gcvwr9,gcvwrd,gcvwrd|Historical,Structure,Park,Historical|1,1,1,1|2,2,2,2|53,53,84,69|1388467538,1388467750,1388495044,1388482150
53921762@N00|9,15,18|gcvwr3,gcvwr3,gcvwr1|Cultural,Structure,Park|33,33,33|7,7,7|54,60,60|1218951242,1218956950,1218956875
54022106@N00|4,24,28|gcvwr9,gcvwrc,gcvwr3|Structure,Entertainment,Structure|42,42,42|6,6,6|44,44,40|1255749040,1255748809,1255745067
54022106@N00|3,17,19|gcvwr2,gcvwr3,gcvwr3|Museum,Structure,Structure|32,32,32|6,6,6|57,51,58|1281766772,1281761286,1281768223
54069048@N07|8,19,29|gcvwr3,gcvwr3,gcvwr3|Historical,Structure,Structure|50,50,50|7,7,7|44,44,41|1355627027,1355627033,1355624759
54458860@N00|2,4,9|gcvwrc,gcvwr9,gcvwr3|Historical,Structure,Cultural|45,45,45|6,6,6|49,49,45|1257568089,1257568046,1257564314
54549576@N00|1,2,4,10,18,23|gcvwr1,gcvwrc,gcvwr9,gcvwrd,gcvwr1,gcvwrd|Historical,Historical,Structure,Park,Park,Structure|22,22,22,22,22,22|3,3,3,3,3,3|84,84,84,84,84,84|1243429449,1243429549,1243429543,1243429537,1243429480,1243429474
54549576@N00|3,4,24|gcvwr2,gcvwr9,gcvwrc|Museum,Structure,Entertainment|22,22,22|4,4,4|69,69,69|1243502156,1243502208,1243502112
55826454@N00|1,8,9,10,12,15,19,23,28,29|gcvwr1,gcvwr3,gcvwr3,gcvwrd,gcvwr0,gcvwr3,gcvwr3,gcvwrd,gcvwr3,gcvwr3|Historical,Historical,Cultural,Park,Cultural,Structure,Structure,Structure,Structure,Structure|40,40,40,40,40,40,40,40,40,40|6,6,6,6,6,6,6,6,6,6|40,42,48,51,39,34,41,41,36,45|1380938453,1380940513,1380945956,1380948345,1380938153,1380933332,1380940164,1380939942,1380935346,1380943757
56617401@N00|1,8,19|gcvwr1,gcvwr3,gcvwr3|Historical,Historical,Structure|25,25,25|7,7,7|63,65,20|1309074547,1309076938,1309036388
56617401@N00|8,9,15,16,19,29|gcvwr3,gcvwr3,gcvwr3,gcvwr3,gcvwr3,gcvwr3|Historical,Cultural,Structure,Museum,Structure,Structure|26,26,26,26,26,26|4,4,4,4,4,4|77,79,77,77,77,76|1309433173,1309434471,1309432743,1309432632,1309433229,1309432464
57192952@N00|1,8,16,29|gcvwr1,gcvwr3,gcvwr3,gcvwr3|Historical,Historical,Museum,Structure|26,26,26,26|6,6,6,6|43,40,42,42|1278125231,1278123289,1278124663,1278124872
57258627@N00|8,9,16,17,19|gcvwr3,gcvwr3,gcvwr3,gcvwr3,gcvwr3|Historical,Cultural,Museum,Structure,Structure|14,14,14,14,14|7,7,7,7,6|36,32,34,5,70|1396746640,1396743120,1396745099,1396718437,1396690433
58034287@N00|8,9,15,16,19,29|gcvwr3,gcvwr3,gcvwr3,gcvwr3,gcvwr3,gcvwr3|Historical,Cultural,Structure,Museum,Structure,Structure|29,29,29,29,29,29|4,4,4,4,4,4|31,32,37,32,6,32|1342655980,1342656175,1342661067,1342656500,1342633224,1342656296
58433801@N07|4,15,19|gcvwr9,gcvwr3,gcvwr3|Structure,Structure,Structure|51,51,51|5,5,5|42,32,43|1387506643,1387498290,1387508105
58554451@N00|2,4,9,29|gcvwrc,gcvwr9,gcvwr3,gcvwr3|Historical,Structure,Cultural,Structure|10,10,10,10|7,7,7,7|46,45,43,42|1362886658,1362885758,1362883930,1362882922
58598613@N00|2,4,9|gcvwrc,gcvwr9,gcvwr3|Historical,Structure,Cultural|27,27,27|7,7,7|56,54,52|1183874861,1183872914,1183871149
58695432@N00|10,11,19|gcvwrd,gcvwrd,gcvwr3|Park,Historical,Structure|34,34,34|1,1,1|45,45,57|1156130664,1156130779,1156141618
59271446@N00|15,22,29|gcvwr3,gcvwr1,gcvwr3|Structure,Structure,Structure|44,44,44|6,6,6|78,73,77|1256988934,1256984578,1256988557
59446027@N00|1,9,11,17,29|gcvwr1,gcvwr3,gcvwrd,gcvwr3,gcvwr3|Historical,Cultural,Historical,Structure,Structure|13,13,13,13,13|6,6,6,6,6|76,67,93,62,66|1238238180,1238230788,1238254029,1238226186,1238229601
60006733@N05|1,9,18|gcvwr1,gcvwr3,gcvwr1|Historical,Cultural,Park|40,40,40|5,5,5|44,44,28|1317956454,1317957282,1317942409
60006733@N05|10,11,19,23|gcvwrd,gcvwrd,gcvwr3,gcvwrd|Park,Historical,Structure,Structure|44,44,44,44|5,5,5,5|39,42,43,43|1320371802,1320374463,1320375541,1320375139
60006733@N05|8,10,11,16,23|gcvwr3,gcvwrd,gcvwrd,gcvwr3,gcvwrd|Historical,Park,Historical,Museum,Structure|44,44,44,44,44|6,6,6,6,6|52,37,36,52,37|1320469529,1320456130,1320455377,1320469991,1320456412
60107315@N00|3,4,9|gcvwr2,gcvwr9,gcvwr3|Museum,Structure,Cultural|35,35,35|6,6,6|61,49,60|1220081084,1220070493,1220080114
60107315@N00|9,15,18|gcvwr3,gcvwr3,gcvwr1|Cultural,Structure,Park|34,34,34|5,5,5|52,46,46|1250831192,1250825740,1250826205
60206297@N00|9,28,29|gcvwr3,gcvwr3,gcvwr3|Cultural,Structure,Structure|43,43,43|6,6,6|31,30,19|1351295434,1351294503,1351285163
60206297@N00|1,14,29|gcvwr1,gcvwqb,gcvwr3|Historical,Structure,Structure|43,43,43|7,7,7|35,35,29|1351385722,1351385245,1351380423
60206297@N00|7,9,17|gcvy20,gcvwr3,gcvwr3|Park,Cultural,Structure|44,44,44|2,2,2|37,43,43|1351560172,1351565141,1351565113
60611127@N00|1,3,15,16,19,29|gcvwr1,gcvwr2,gcvwr3,gcvwr3,gcvwr3,gcvwr3|Historical,Museum,Structure,Museum,Structure,Structure|49,49,49,49,49,49|3,3,3,3,3,3|29,43,71,71,72,71|1133911205,1133923992,1133948797,1133949001,1133949661,1133949098
60611127@N00|2,4,8,9,15,29|gcvwrc,gcvwr9,gcvwr3,gcvwr3,gcvwr3,gcvwr3|Historical,Structure,Historical,Cultural,Structure,Structure|49,49,49,49,49,49|4,4,4,4,4,4|33,29,68,35,64,65|1134001112,1133998063,1134032455,1134002745,1134028992,1134030169
60611127@N00|1,8,9,29|gcvwr1,gcvwr3,gcvwr3,gcvwr3|Historical,Historical,Cultural,Structure|50,50,50,50|2,2,2,2|57,54,54,57|1197353936,1197351025,1197351842,1197354587
60611127@N00|1,8,9,11,17,29|gcvwr1,gcvwr3,gcvwr3,gcvwrd,gcvwr3,gcvwr3|Historical,Historical,Cultural,Historical,Structure,Structure|50,50,50,50,50,50|3,3,3,3,3,3|45,54,48,26,48,73|1197430109,1197438166,1197432334,1197412375,1197432310,1197455248
60611127@N00|1,3,9,10,11|gcvwr1,gcvwr2,gcvwr3,gcvwrd,gcvwrd|Historical,Museum,Cultural,Park,Historical|29,29,29,29,29|2,2,2,2,2|85,85,85,85,85|1216127949,1216127977,1216128357,1216127854,1216127877
61369090@N07|9,17,19|gcvwr3,gcvwr3,gcvwr3|Cultural,Structure,Structure|33,33,33|6,6,6|50,50,53|1345264306,1345265031,1345267228
61635869@N00|1,8,9,16,19,29|gcvwr1,gcvwr3,gcvwr3,gcvwr3,gcvwr3,gcvwr3|Historical,Historical,Cultural,Museum,Structure,Structure|28,28,28,28,28,28|1,1,1,1,1,1|45,56,55,37,57,55|1373253774,1373263645,1373263105,1373246844,1373264696,1373263069
61663261@N00|10,11,16,19|gcvwrd,gcvwrd,gcvwr3,gcvwr3|Park,Historical,Museum,Structure|48,48,48,48|4,4,4,4|65,65,72,68|1354177580,1354176919,1354183939,1354180477
61897811@N00|2,4,8,9,13,29|gcvwrc,gcvwr9,gcvwr3,gcvwr3,gcvwr2,gcvwr3|Historical,Structure,Historical,Cultural,Cultural,Structure|44,44,44,44,44,44|4,4,4,4,4,4|48,49,52,44,40,44|1193890472,1193890708,1193893240,1193886846,1193882858,1193886034
62136333@N02|1,8,10,18,29|gcvwr1,gcvwr3,gcvwrd,gcvwr1,gcvwr3|Historical,Historical,Park,Park,Structure|51,51,51,51,51|1,1,1,1,1|84,84,84,84,84|1008594005,1008594020,1008594010,1008594015,1008594014
62136333@N02|1,4,8,10,29|gcvwr1,gcvwr9,gcvwr3,gcvwrd,gcvwr3|Historical,Structure,Historical,Park,Structure|51,51,51,51,51|2,2,2,2,2|84,84,84,84,84|1008680431,1008680413,1008680411,1008680412,1008680420
62136333@N02|1,8,29|gcvwr1,gcvwr3,gcvwr3|Historical,Historical,Structure|44,44,44|6,6,6|62,50,52|1036222769,1036211583,1036213844
62136333@N02|3,4,8,10,18,29|gcvwr2,gcvwr9,gcvwr3,gcvwrd,gcvwr1,gcvwr3|Museum,Structure,Historical,Park,Park,Structure|47,47,47,47,47,47|7,7,7,7,7,7|56,58,64,58,43,44|1322374461,1322375689,1322380964,1322375897,1322362563,1322363373
62579590@N00|1,3,24|gcvwr1,gcvwr2,gcvwrc|Historical,Museum,Entertainment|19,19,19|4,4,4|33,35,47|1273709817,1273712136,1273722585
63079834@N00|1,18,29|gcvwr1,gcvwr1,gcvwr3|Historical,Park,Structure|48,48,48|2,2,2|39,41,38|1385430650,1385432482,1385429634
63238112@N02|12,15,18,19|gcvwr0,gcvwr3,gcvwr1,gcvwr3|Cultural,Structure,Park,Structure|22,22,22,22|1,1,1,1|76,74,76,74|1306753288,1306751799,1306753319,1306751865
63238112@N02|9,17,29|gcvwr3,gcvwr3,gcvwr3|Cultural,Structure,Structure|17,17,17|2,2,2|82,82,81|1366720981,1366720452,1366720079
63458311@N00|1,9,29|gcvwr1,gcvwr3,gcvwr3|Historical,Cultural,Structure|33,33,33|6,6,6|49,54,41|1218860545,1218864646,1218853767
63679518@N00|1,18,19|gcvwr1,gcvwr1,gcvwr3|Historical,Park,Structure|18,18,18|7,7,7|30,39,40|1304811635,1304819149,1304820614
64119933@N00|4,10,11,15,18|gcvwr9,gcvwrd,gcvwrd,gcvwr3,gcvwr1|Structure,Park,Historical,Structure,Park|14,14,14,14,14|4,4,4,4,4|55,48,47,49,63|1333605395,1333598551,1333597871,1333599888,1333612656
64332066@N00|1,2,3,9,11,17,19,29|gcvwr1,gcvwrc,gcvwr2,gcvwr3,gcvwrd,gcvwr3,gcvwr3,gcvwr3|Historical,Historical,Museum,Cultural,Historical,Structure,Structure,Structure|43,43,43,43,43,43,43,43|4,4,4,4,4,4,4,4|88,94,88,89,94,93,95,75|1066918369,1066923189,1066918074,1066918554,1066923178,1066922595,1066924324,1066906737
64876844@N00|9,11,17,29|gcvwr3,gcvwrd,gcvwr3,gcvwr3|Cultural,Historical,Structure,Structure|32,32,32,32|5,5,5,5|62,39,63,46|1186731282,1186710340,1186732680,1186717447
65326158@N00|1,2,9,29|gcvwr1,gcvwrc,gcvwr3,gcvwr3|Historical,Historical,Cultural,Structure|20,20,20,20|2,2,2,2|51,62,53,52|1210654778,1210663951,1210656372,1210655682
65393953@N03|3,9,16,17|gcvwr2,gcvwr3,gcvwr3,gcvwr3|Museum,Cultural,Museum,Structure|36,36,36,36|1,1,1,1|38,46,52,47|1346636593,1346643650,1346648669,1346644123
65958138@N00|1,9,15,29|gcvwr1,gcvwr3,gcvwr3,gcvwr3|Historical,Cultural,Structure,Structure|41,41,41,41|6,6,6,6|45,47,53,46|1350098287,1350099941,1350106098,1350099165
66227636@N04|8,9,29|gcvwr3,gcvwr3,gcvwr3|Historical,Cultural,Structure|44,44,44|1,1,1|65,40,41|1351498539,1351476457,1351477466
66434265@N00|1,4,10,11,17,29|gcvwr1,gcvwr9,gcvwrd,gcvwrd,gcvwr3,gcvwr3|Historical,Structure,Park,Historical,Structure,Structure|3,3,3,3,3,3|2,2,2,2,2,2|52,23,19,20,32,42|1231823363,1231797259,1231793925,1231794274,1231805280,1231814356
66434265@N00|7,12,17,24|gcvy20,gcvwr0,gcvwr3,gcvwrc|Park,Cultural,Structure,Entertainment|3,3,3,3|3,3,3,3|40,75,48,33|1231898811,1231930544,1231906361,1231892107
66434265@N00|3,9,17|gcvwr2,gcvwr3,gcvwr3|Museum,Cultural,Structure|3,3,3|5,5,5|38,50,48|1232070185,1232080244,1232078565
66913692@N00|1,8,13|gcvwr1,gcvwr3,gcvwr2|Historical,Historical,Cultural|21,21,21|2,2,2|25,14,10|1306189343,1306179267,1306175796
66913692@N00|8,9,23,29|gcvwr3,gcvwr3,gcvwrd,gcvwr3|Historical,Cultural,Structure,Structure|21,21,21,21|3,3,3,3|16,15,41,15|1306267716,1306266331,1306290549,1306266974
67008765@N00|9,17,29|gcvwr3,gcvwr3,gcvwr3|Cultural,Structure,Structure|31,31,31|6,6,6|42,42,43|1249094344,1249094596,1249094751
67008765@N00|2,4,24|gcvwrc,gcvwr9,gcvwrc|Historical,Structure,Entertainment|32,32,32|7,7,7|54,54,54|1249796259,1249796398,1249796356
67008765@N00|1,8,9,15,16,19,29|gcvwr1,gcvwr3,gcvwr3,gcvwr3,gcvwr3,gcvwr3,gcvwr3|Historical,Historical,Cultural,Structure,Museum,Structure,Structure|48,48,48,48,48,48,48|6,6,6,6,6,6,6|54,66,56,59,59,57,54|1259386961,1259397631,1259388660,1259391488,1259391384,1259389160,1259387077
67433276@N05|3,16,29|gcvwr2,gcvwr3,gcvwr3|Museum,Museum,Structure|18,18,18|3,3,3|46,60,46|1335929848,1335942587,1335930183
67975030@N00|1,4,8,9,10,11,15,16,18,19,23,24,29|gcvwr1,gcvwr9,gcvwr3,gcvwr3,gcvwrd,gcvwrd,gcvwr3,gcvwr3,gcvwr1,gcvwr3,gcvwrd,gcvwrc,gcvwr3|Historical,Structure,Historical,Cultural,Park,Historical,Structure,Museum,Park,Structure,Structure,Entertainment,Structure|22,22,22,22,22,22,22,22,22,22,22,22,22|4,4,4,4,4,4,4,4,4,4,4,4,4|59,65,56,38,45,46,57,55,58,38,45,64,37|1306997417,1307003315,1306995084,1306978436,1306985326,1306986290,1306995572,1306994108,1306996982,1306978751,1306984769,1307002012,1306977991
68121184@N00|9,16,29|gcvwr3,gcvwr3,gcvwr3|Cultural,Museum,Structure|3,3,3|2,2,2|53,53,53|1263878496,1263878509,1263878489
68838281@N00|8,16,29|gcvwr3,gcvwr3,gcvwr3|Historical,Museum,Structure|15,15,15|4,4,4|29,32,33|1239232854,1239235502,1239236351
69349066@N00|15,18,29|gcvwr3,gcvwr1,gcvwr3|Structure,Park,Structure|22,22,22|7,7,7|51,51,49|1180846598,1180846172,1180844625
70384696@N00|1,3,29|gcvwr1,gcvwr2,gcvwr3|Historical,Museum,Structure|43,43,43|6,6,6|44,48,47|1319857964,1319861286,1319860664
70938076@N00|3,8,13|gcvwr2,gcvwr3,gcvwr2|Museum,Historical,Cultural|48,48,48|7,7,7|58,66,58|1322980522,1322987685,1322981075
70938076@N00|2,4,23|gcvwrc,gcvwr9,gcvwrd|Historical,Structure,Structure|38,38,38|6,6,6|52,54,56|1348290740,1348292290,1348293871
70938076@N00|10,11,23|gcvwrd,gcvwrd,gcvwrd|Park,Historical,Structure|44,44,44|2,2,2|38,38,38|1383010366,1383010649,1383010827
71057941@N00|8,15,17|gcvwr3,gcvwr3,gcvwr3|Historical,Structure,Structure|20,20,20|5,5,5|55,55,57|1148017545,1148018081,1148019520
71088526@N00|2,7,8,9,15,16,18,19|gcvwrc,gcvy20,gcvwr3,gcvwr3,gcvwr3,gcvwr3,gcvwr1,gcvwr3|Historical,Park,Historical,Cultural,Structure,Museum,Park,Structure|9,9,9,9,9,9,9,9|4,4,4,4,4,4,4,4|30,33,42,50,49,44,45,42|1267659534,1267661821,1267670070,1267677283,1267676498,1267672452,1267672902,1267670062
71088526@N00|1,8,29|gcvwr1,gcvwr3,gcvwr3|Historical,Historical,Structure|9,9,9|5,5,5|39,50,40|1267753500,1267763699,1267754424
71088526@N00|3,15,16,29|gcvwr2,gcvwr3,gcvwr3,gcvwr3|Museum,Structure,Museum,Structure|9,9,9,9|6,6,6,6|36,37,37,36|1267837540,1267838909,1267838892,1267838012
71401076@N00|1,12,14,16,18|gcvwr1,gcvwr0,gcvwqb,gcvwr3,gcvwr1|Historical,Cultural,Structure,Museum,Park|26,26,26,26,26|1,1,1,1,1|70,39,39,40,39|1340617154,1340589266,1340589210,1340589613,1340589529
71445279@N00|3,9,13,15,16,18,28,29|gcvwr2,gcvwr3,gcvwr2,gcvwr3,gcvwr3,gcvwr1,gcvwr3,gcvwr3|Museum,Cultural,Cultural,Structure,Museum,Park,Structure,Structure|7,7,7,7,7,7,7,7|6,6,6,6,6,6,6,6|42,41,42,41,41,40,42,41|1266633207,1266632695,1266633679,1266632120,1266632223,1266631400,1266633372,1266632327
7150832@N06|2,10,11|gcvwrc,gcvwrd,gcvwrd|Historical,Park,Historical|38,38,38|4,4,4|66,59,58|1379579667,1379573749,1379572470
71668585@N00|15,16,18|gcvwr3,gcvwr3,gcvwr1|Structure,Museum,Park|12,12,12|6,6,6|22,21,22|1269639171,1269638518,1269639681
71668585@N00|19,20,22|gcvwr3,gcvwrh,gcvwr1|Structure,Park,Structure|13,13,13|6,6,6|32,13,27|1301702524,1301686190,1301698664
71668585@N00|8,19,24|gcvwr3,gcvwr3,gcvwrc|Historical,Structure,Entertainment|16,16,16|2,2,2|18,9,7|1334609007,1334600527,1334598416
71812696@N00|8,13,19|gcvwr3,gcvwr2,gcvwr3|Historical,Cultural,Structure|34,34,34|7,7,7|81,69,81|1125231416,1125220797,1125231565
71909564@N00|10,11,29|gcvwrd,gcvwrd,gcvwr3|Park,Historical,Structure|32,32,32|4,4,4|29,29,20|1155165664,1155165488,1155157968
72429059@N00|4,9,29|gcvwr9,gcvwr3,gcvwr3|Structure,Cultural,Structure|38,38,38|2,2,2|56,54,40|1190095223,1190093734,1190080934
72429059@N00|3,9,15,17|gcvwr2,gcvwr3,gcvwr3,gcvwr3|Museum,Cultural,Structure,Structure|34,34,34,34|3,3,3,3|59,46,70,46|1250664929,1250652790,1250674415,1250652904
7310714@N06|4,9,17,29|gcvwr9,gcvwr3,gcvwr3,gcvwr3|Structure,Cultural,Structure,Structure|22,22,22,22|1,1,1,1|48,42,40,42|1369627627,1369621809,1369620242,1369622128
7310714@N06|8,9,28|gcvwr3,gcvwr3,gcvwr3|Historical,Cultural,Structure|22,22,22|2,2,2|37,34,35|1369703744,1369701640,1369702001
73124528@N00|1,2,4|gcvwr1,gcvwrc,gcvwr9|Historical,Historical,Structure|23,23,23|5,5,5|25,31,28|1307657875,1307663453,1307660488
73173768@N00|1,14,15,16,29|gcvwr1,gcvwqb,gcvwr3,gcvwr3,gcvwr3|Historical,Structure,Structure,Museum,Structure|47,47,47,47,47|7,7,7,7,7|54,48,56,52,54|1322372035,1322366549,1322373761,1322370004,1322372367
73422480@N00|3,13,18|gcvwr2,gcvwr2,gcvwr1|Museum,Cultural,Park|26,26,26|3,3,3|44,43,49|1309316961,1309316301,1309321500
73478860@N00|9,19,28,29|gcvwr3,gcvwr3,gcvwr3,gcvwr3|Cultural,Structure,Structure,Structure|17,17,17,17|3,3,3,3|46,63,47,63|1303875685,1303891176,1303876238,1303890542
7354829@N03|1,9,29|gcvwr1,gcvwr3,gcvwr3|Historical,Cultural,Structure|37,37,37|2,2,2|62,64,62|1189496315,1189497665,1189496692
7354829@N03|1,9,16,17,18,19,22,23,29|gcvwr1,gcvwr3,gcvwr3,gcvwr3,gcvwr1,gcvwr3,gcvwr1,gcvwrd,gcvwr3|Historical,Cultural,Museum,Structure,Park,Structure,Structure,Structure,Structure|37,37,37,37,37,37,37,37,37|4,4,4,4,4,4,4,4,4|38,39,38,41,38,64,37,65,39|1189647472,1189648279,1189647865,1189650311,1189647273,1189671020,1189646300,1189671360,1189648105
7359973@N08|3,9,15,18,28,29|gcvwr2,gcvwr3,gcvwr3,gcvwr1,gcvwr3,gcvwr3|Museum,Cultural,Structure,Park,Structure,Structure|31,31,31,31,31,31|6,6,6,6,6,6|31,43,29,45,37,44|1344038074,1344048861,1344035879,1344050741,1344043166,1344050031
73788492@N00|1,2,4,7,9,29|gcvwr1,gcvwrc,gcvwr9,gcvy20,gcvwr3,gcvwr3|Historical,Historical,Structure,Park,Cultural,Structure|25,25,25,25,25,25|2,2,2,2,2,2|45,58,52,66,50,50|1371525807,1371537657,1371532185,1371544669,1371530328,1371530072
73788492@N00|8,10,11,15,18,19,22|gcvwr3,gcvwrd,gcvwrd,gcvwr3,gcvwr1,gcvwr3,gcvwr1|Historical,Park,Historical,Structure,Park,Structure,Structure|25,25,25,25,25,25,25|4,4,4,4,4,4,4|76,60,60,76,75,77,67|1371726720,1371712224,1371711874,1371726423,1371725800,1371727295,1371718069
73788492@N00|2,4,8,9,15,17,19,29|gcvwrc,gcvwr9,gcvwr3,gcvwr3,gcvwr3,gcvwr3,gcvwr3,gcvwr3|Historical,Structure,Historical,Cultural,Structure,Structure,Structure,Structure|25,25,25,25,25,25,25,25|5,5,5,5,5,5,5,5|66,66,68,60,81,37,68,60|1371804169,1371803809,1371805965,1371798887,1371817599,1371777746,1371805457,1371798158
74691311@N00|1,10,16,23|gcvwr1,gcvwrd,gcvwr3,gcvwrd|Historical,Park,Museum,Structure|9,9,9,9|1,1,1,1|46,65,37,63|1141011495,1141028102,1141003740,1141027012
7512717@N06|9,15,18,29|gcvwr3,gcvwr3,gcvwr1,gcvwr3|Cultural,Structure,Park,Structure|36,36,36,36|5,5,5,5|77,77,77,77|1252063053,1252063287,1252063544,1252063126
7512717@N06|9,16,18|gcvwr3,gcvwr3,gcvwr1|Cultural,Museum,Park|17,17,17|4,4,4|63,63,64|1272527312,1272527741,1272528806
7512717@N06|1,9,17|gcvwr1,gcvwr3,gcvwr3|Historical,Cultural,Structure|11,11,11|4,4,4|64,63,63|1300348922,1300348149,1300347967
7512717@N06|3,13,28|gcvwr2,gcvwr2,gcvwr3|Museum,Cultural,Structure|19,19,19|5,5,5|51,47,47|1305261971,1305258651,1305258536
7512717@N06|9,15,16,17|gcvwr3,gcvwr3,gcvwr3,gcvwr3|Cultural,Structure,Museum,Structure|32,32,32,32|2,2,2,2|65,77,66,62|1312878527,1312889153,1312879404,1312875700
7512717@N06|9,28,29|gcvwr3,gcvwr3,gcvwr3|Cultural,Structure,Structure|38,38,38|6,6,6|44,54,48|1316833742,1316842391,1316837082
7512717@N06|3,13,28|gcvwr2,gcvwr2,gcvwr3|Museum,Cultural,Structure|40,40,40|5,5,5|50,45,45|1317962446,1317957659,1317958063
7512717@N06|8,9,17|gcvwr3,gcvwr3,gcvwr3|Historical,Cultural,Structure|48,48,48|4,4,4|63,63,63|1322726129,1322725856,1322725674
7512717@N06|9,17,29|gcvwr3,gcvwr3,gcvwr3|Cultural,Structure,Structure|18,18,18|4,4,4|63,63,63|1336031704,1336031330,1336031915
7512717@N06|3,14,17,28|gcvwr2,gcvwqb,gcvwr3,gcvwr3|Museum,Structure,Structure,Structure|20,20,20,20|7,7,7,7|54,56,54,49|1337492117,1337494317,1337492150,1337487870
7512717@N06|9,15,16|gcvwr3,gcvwr3,gcvwr3|Cultural,Structure,Museum|32,32,32|2,2,2|64,65,65|1344327187,1344327865,1344327741
7512717@N06|9,15,17|gcvwr3,gcvwr3,gcvwr3|Cultural,Structure,Structure|33,33,33|2,2,2|63,64,62|1344930704,1344932078,1344930190
7512717@N06|3,4,15,16|gcvwr2,gcvwr9,gcvwr3,gcvwr3|Museum,Structure,Structure,Museum|38,38,38,38|6,6,6,6|48,55,57,47|1348286424,1348292854,1348294983,1348286071
7512717@N06|8,12,15,18,29|gcvwr3,gcvwr0,gcvwr3,gcvwr1,gcvwr3|Historical,Cultural,Structure,Park,Structure|39,39,39,39,39|7,7,7,7,7|53,57,54,55,53|1348982541,1348985737,1348983153,1348984010,1348982123
7512717@N06|8,15,28|gcvwr3,gcvwr3,gcvwr3|Historical,Structure,Structure|45,45,45|4,4,4|64,64,63|1352361702,1352362167,1352360757
7512717@N06|8,15,16,29|gcvwr3,gcvwr3,gcvwr3,gcvwr3|Historical,Structure,Museum,Structure|45,45,45,45|6,6,6,6|59,60,62,59|1352530746,1352531450,1352532758,1352530588
7512717@N06|8,15,16,19|gcvwr3,gcvwr3,gcvwr3,gcvwr3|Historical,Structure,Museum,Structure|13,13,13,13|4,4,4,4|63,65,65,63|1364457450,1364458632,1364458516,1364457145
7512717@N06|9,15,16,28|gcvwr3,gcvwr3,gcvwr3,gcvwr3|Cultural,Structure,Museum,Structure|18,18,18,18|6,6,6,6|51,50,51,60|1367643457,1367642679,1367643110,1367651298
7512717@N06|9,14,15,18|gcvwr3,gcvwqb,gcvwr3,gcvwr1|Cultural,Structure,Structure,Park|31,31,31,31|6,6,6,6|52,57,53,55|1375506784,1375510656,1375507558,1375508851
7512717@N06|9,15,22|gcvwr3,gcvwr3,gcvwr1|Cultural,Structure,Structure|32,32,32|6,6,6|54,55,87|1376113358,1376113893,1376142895
7512717@N06|9,22,28|gcvwr3,gcvwr1,gcvwr3|Cultural,Structure,Structure|33,33,33|3,3,3|63,68,54|1376466353,1376471080,1376458571
7512717@N06|8,15,19|gcvwr3,gcvwr3,gcvwr3|Historical,Structure,Structure|43,43,43|4,4,4|59,60,59|1382597681,1382598162,1382597225
7512717@N06|9,12,14|gcvwr3,gcvwr0,gcvwqb|Cultural,Cultural,Structure|44,44,44|2,2,2|63,64,64|1383032723,1383033696,1383033818
7512717@N06|8,18,19|gcvwr3,gcvwr1,gcvwr3|Historical,Park,Structure|45,45,45|6,6,6|61,63,60|1383981992,1383983231,1383981220
7512717@N06|9,16,17,29|gcvwr3,gcvwr3,gcvwr3,gcvwr3|Cultural,Museum,Structure,Structure|51,51,51,51|2,2,2,2|64,64,63,64|1387267339,1387267779,1387266538,1387267488
7512717@N06|8,15,16|gcvwr3,gcvwr3,gcvwr3|Historical,Structure,Museum|1,1,1|6,6,6|58,56,56|1388817555,1388816077,1388815719
7512717@N06|8,10,11,15,22,23|gcvwr3,gcvwrd,gcvwrd,gcvwr3,gcvwr1,gcvwrd|Historical,Park,Historical,Structure,Structure,Structure|3,3,3,3,3,3|7,7,7,7,7,7|58,57,57,59,61,57|1390113483,1390112121,1390112190,1390113902,1390116198,1390112699
7512717@N06|1,9,12|gcvwr1,gcvwr3,gcvwr0|Historical,Cultural,Cultural|11,11,11|2,2,2|63,62,63|1394524520,1394523838,1394524473
75136617@N00|9,15,18|gcvwr3,gcvwr3,gcvwr1|Cultural,Structure,Park|21,21,21|1,1,1|46,51,52|1211168522,1211172618,1211173936
75286866@N00|1,3,8,11,17|gcvwr1,gcvwr2,gcvwr3,gcvwrd,gcvwr3|Historical,Museum,Historical,Historical,Structure|32,32,32,32,32|2,3,2,2,3|94,6,89,93,4|1344353541,1344361076,1344349367,1344352610,1344359356
75951171@N02|18,28,29|gcvwr1,gcvwr3,gcvwr3|Park,Structure,Structure|48,48,48|3,3,3|66,69,71|1291192510,1291195688,1291197128
7633518@N08|1,9,29|gcvwr1,gcvwr3,gcvwr3|Historical,Cultural,Structure|15,15,15|2,2,2|43,40,36|1365475528,1365473214,1365469381
7666975@N03|1,3,29|gcvwr1,gcvwr2,gcvwr3|Historical,Museum,Structure|20,20,20|5,6,5|88,5,78|1337350035,1337361905,1337340914
77036619@N00|1,2,3,4,8,9,16,17,19,29|gcvwr1,gcvwrc,gcvwr2,gcvwr9,gcvwr3,gcvwr3,gcvwr3,gcvwr3,gcvwr3,gcvwr3|Historical,Historical,Museum,Structure,Historical,Cultural,Museum,Structure,Structure,Structure|25,25,25,25,25,25,25,25,25,25|5,5,5,5,5,5,5,5,5,5|38,56,61,57,66,60,37,46,78,39|1245375585,1245391864,1245396330,1245392587,1245400830,1245395153,1245374644,1245382822,1245411606,1245376328
77036619@N00|8,9,17,19,29|gcvwr3,gcvwr3,gcvwr3,gcvwr3,gcvwr3|Historical,Cultural,Structure,Structure,Structure|26,26,26,26,26|1,1,1,1,1|55,54,51,55,65|1245650109,1245649352,1245646781,1245650150,1245658801
77047514@N00|9,14,19|gcvwr3,gcvwqb,gcvwr3|Cultural,Structure,Structure|15,15,15|2,2,2|54,67,55|1113284236,1113295952,1113285029
77047514@N00|3,13,14,15,18,19,23|gcvwr2,gcvwr2,gcvwqb,gcvwr3,gcvwr1,gcvwr3,gcvwrd|Museum,Cultural,Structure,Structure,Park,Structure,Structure|48,48,48,48,48,48,48|6,6,6,6,6,6,6|5,5,26,6,26,6,5|1196443754,1196443734,1196462314,1196444144,1196462364,1196444171,1196443682
77047514@N00|3,12,17,29|gcvwr2,gcvwr0,gcvwr3,gcvwr3|Museum,Cultural,Structure,Structure|27,27,27,27|5,5,5,5|67,69,75,71|1215161614,1215163789,1215169158,1215165180
77047514@N00|3,12,13|gcvwr2,gcvwr0,gcvwr2|Museum,Cultural,Cultural|28,28,28|7,7,7|65,46,65|1215937450,1215919899,1215937601
77047514@N00|3,4,8,15,23,24|gcvwr2,gcvwr9,gcvwr3,gcvwr3,gcvwrd,gcvwrc|Museum,Structure,Historical,Structure,Structure,Entertainment|29,29,29,29,29,29|7,7,7,7,7,7|57,54,48,49,53,41|1216534515,1216531925,1216526997,1216527759,1216531028,1216520432
77047514@N00|3,9,15,16|gcvwr2,gcvwr3,gcvwr3,gcvwr3|Museum,Cultural,Structure,Museum|51,51,51,51|6,6,6,6|40,56,48,50|1229738892,1229753097,1229746198,1229747494
77321230@N00|1,9,12,29|gcvwr1,gcvwr3,gcvwr0,gcvwr3|Historical,Cultural,Cultural,Structure|32,32,32,32|5,5,5,5|77,73,77,77|1218194743,1218190859,1218194868,1218194325
77351046@N00|8,9,11,16|gcvwr3,gcvwr3,gcvwrd,gcvwr3|Historical,Cultural,Historical,Museum|22,22,22,22|1,1,1,1|86,86,86,86|1338212628,1338212683,1338212687,1338212685
77456049@N00|2,8,9,15,16,19,24,29|gcvwrc,gcvwr3,gcvwr3,gcvwr3,gcvwr3,gcvwr3,gcvwrc,gcvwr3|Historical,Historical,Cultural,Structure,Museum,Structure,Entertainment,Structure|35,35,35,35,35,35,35,35|4,4,4,4,4,4,4,4|37,41,40,41,40,57,38,40|1346289944,1346293141,1346292301,1346293027,1346292810,1346307621,1346290772,1346292611
77704116@N00|8,15,18,19,29|gcvwr3,gcvwr3,gcvwr1,gcvwr3,gcvwr3|Historical,Structure,Park,Structure,Structure|49,49,49,49,49|6,6,6,6,6|84,84,84,84,84|1354971616,1354971618,1354971620,1354971604,1354971619
7790703@N02|1,2,4,9|gcvwr1,gcvwrc,gcvwr9,gcvwr3|Historical,Historical,Structure,Cultural|3,3,3,3|2,2,2,2|36,38,38,37|1295312797,1295314789,1295314605,1295313320
7790703@N02|9,15,29|gcvwr3,gcvwr3,gcvwr3|Cultural,Structure,Structure|32,32,32|7,7,7|58,56,59|1313304054,1313301691,1313304648
7790703@N02|8,15,29|gcvwr3,gcvwr3,gcvwr3|Historical,Structure,Structure|47,47,47|7,7,7|73,71,70|1385288257,1385286636,1385286155
78361112@N00|2,9,29|gcvwrc,gcvwr3,gcvwr3|Historical,Cultural,Structure|39,39,39|3,3,3|61,65,63|1380093651,1380097064,1380095833
78461351@N00|8,9,18,19,29|gcvwr3,gcvwr3,gcvwr1,gcvwr3,gcvwr3|Historical,Cultural,Park,Structure,Structure|52,52,52,52,52|6,6,6,6,6|72,65,74,64,72|1325326309,1325319804,1325328289,1325318412,1325325625
7888746@N08|8,15,17,18|gcvwr3,gcvwr3,gcvwr3,gcvwr1|Historical,Structure,Structure,Park|13,13,13,13|1,1,1,1|79,57,70,58|1237809571,1237789689,1237801139,1237789904
7929654@N05|3,4,7,10,11,23|gcvwr2,gcvwr9,gcvy20,gcvwrd,gcvwrd,gcvwrd|Museum,Structure,Park,Park,Historical,Structure|36,36,36,36,36,36|6,6,6,6,6,6|47,62,72,84,85,85|1315626708,1315640502,1315649466,1315660263,1315660534,1315660945
7929654@N05|2,4,8,9,18|gcvwrc,gcvwr9,gcvwr3,gcvwr3,gcvwr1|Historical,Structure,Historical,Cultural,Park|37,37,37,37,37|6,6,6,6,6|67,67,69,69,70|1316249669,1316249864,1316251756,1316251295,1316252298
79335735@N06|8,15,16|gcvwr3,gcvwr3,gcvwr3|Historical,Structure,Museum|17,17,17|2,2,2|54,55,55|1366695701,1366696504,1366695921
7958312@N08|1,8,9,15,29|gcvwr1,gcvwr3,gcvwr3,gcvwr3,gcvwr3|Historical,Historical,Cultural,Structure,Structure|27,27,27,27,27|4,4,4,4,4|51,34,50,35,51|1183611009,1183596104,1183610485,1183596416,1183610912
80021819@N00|1,2,4,9,16,17|gcvwr1,gcvwrc,gcvwr9,gcvwr3,gcvwr3,gcvwr3|Historical,Historical,Structure,Cultural,Museum,Structure|26,26,26,26,26,26|4,4,4,4,4,4|44,36,36,44,34,43|1340853223,1340845820,1340845275,1340852546,1340844136,1340851914
80021819@N00|10,11,23|gcvwrd,gcvwrd,gcvwrd|Park,Historical,Structure|26,26,26|6,6,6|54,55,56|1341035059,1341035816,1341036090
80052783@N00|1,2,4,9,19,23,29|gcvwr1,gcvwrc,gcvwr9,gcvwr3,gcvwr3,gcvwrd,gcvwr3|Historical,Historical,Structure,Cultural,Structure,Structure,Structure|29,29,29,29,29,29,29|5,5,5,5,5,5,5|47,52,51,48,44,52,46|1216352906,1216357339,1216356886,1216353657,1216350848,1216357997,1216352226
80246494@N00|1,2,4,23,29|gcvwr1,gcvwrc,gcvwr9,gcvwrd,gcvwr3|Historical,Historical,Structure,Structure,Structure|52,52,52,52,52|3,3,3,3,3|10,26,26,27,11|1230057317,1230071718,1230071852,1230072319,1230058196
8043663@N04|1,11,15,18|gcvwr1,gcvwrd,gcvwr3,gcvwr1|Historical,Historical,Structure,Park|27,27,27,27|7,7,7,7|36,51,57,59|1278810504,1278823666,1278829686,1278831273
8057454@N06|3,9,29|gcvwr2,gcvwr3,gcvwr3|Museum,Cultural,Structure|47,47,47|1,1,1|35,33,47|1226882816,1226881048,1226893796
8057454@N06|2,4,11,19,23|gcvwrc,gcvwr9,gcvwrd,gcvwr3,gcvwrd|Historical,Structure,Historical,Structure,Structure|47,47,47,47,47|2,2,2,2,2|47,47,36,37,33|1226980392,1226980779,1226970164,1226971256,1226968027
80649505@N08|1,7,24|gcvwr1,gcvy20,gcvwrc|Historical,Park,Entertainment|27,27,27|4,4,4|53,65,61|1372915089,1372926396,1372922836
8095506@N07|1,8,9,12,15,18,29|gcvwr1,gcvwr3,gcvwr3,gcvwr0,gcvwr3,gcvwr1,gcvwr3|Historical,Historical,Cultural,Cultural,Structure,Park,Structure|29,29,29,29,29,29,29|2,2,2,2,2,2,2|42,34,34,32,34,35,34|1216089128,1216082480,1216082365,1216080604,1216082609,1216083368,1216082246
80997939@N00|1,9,17|gcvwr1,gcvwr3,gcvwr3|Historical,Cultural,Structure|36,36,36|7,7,7|38,48,39|1157852564,1157860867,1157853289
8110030@N05|2,7,9,10,11,15,16,19,23,29|gcvwrc,gcvy20,gcvwr3,gcvwrd,gcvwrd,gcvwr3,gcvwr3,gcvwr3,gcvwrd,gcvwr3|Historical,Park,Cultural,Park,Historical,Structure,Museum,Structure,Structure,Structure|23,23,23,23,23,23,23,23,23,23|7,7,7,7,7,7,7,7,7,7|72,71,85,39,38,84,83,82,37,34|1212919661,1212918412,1212931353,1212889532,1212888715,1212930739,1212929982,1212928813,1212887777,1212885482
81311832@N00|1,19,29|gcvwr1,gcvwr3,gcvwr3|Historical,Structure,Structure|35,35,35|6,6,6|43,22,44|1315018176,1314999027,1315019645
81397230@N00|3,9,15,29|gcvwr2,gcvwr3,gcvwr3,gcvwr3|Museum,Cultural,Structure,Structure|39,39,39,39|7,7,7,7|45,35,47,36|1317525817,1317516317,1317527179,1317517531
81719291@N00|10,11,23|gcvwrd,gcvwrd,gcvwrd|Park,Historical,Structure|16,16,16|7,7,7|66,66,65|1208680984,1208680408,1208680009
81795065@N00|10,11,23|gcvwrd,gcvwrd,gcvwrd|Park,Historical,Structure|43,43,43|5,5,5|51,51,52|1224823632,1224824309,1224825137
8286908@N02|1,8,19|gcvwr1,gcvwr3,gcvwr3|Historical,Historical,Structure|28,28,28|4,4,4|40,32,32|1279160041,1279152152,1279152225
8308954@N06|1,9,12|gcvwr1,gcvwr3,gcvwr0|Historical,Cultural,Cultural|33,33,33|1,1,1|76,57,61|1376305668,1376288188,1376292031
8326485@N06|1,3,4,9,23,29|gcvwr1,gcvwr2,gcvwr9,gcvwr3,gcvwrd,gcvwr3|Historical,Museum,Structure,Cultural,Structure,Structure|42,42,42,42,42,42|5,5,5,5,5,5|45,39,49,46,28,44|1287718171,1287712002,1287720955,1287718703,1287702725,1287717011
8328114@N02|1,8,16,29|gcvwr1,gcvwr3,gcvwr3,gcvwr3|Historical,Historical,Museum,Structure|23,23,23,23|5,5,5,5|62,64,65,65|1276241587,1276243435,1276244539,1276244582
8328114@N02|8,16,29|gcvwr3,gcvwr3,gcvwr3|Historical,Museum,Structure|24,24,24|6,6,6|70,70,70|1276940241,1276940398,1276940193
83308875@N00|8,15,16,19,29|gcvwr3,gcvwr3,gcvwr3,gcvwr3,gcvwr3|Historical,Structure,Museum,Structure,Structure|36,36,36,36,36|2,2,2,2,2|70,71,71,71,71|1346751866,1346752669,1346752240,1346752354,1346752603
83308875@N00|3,9,10,11,17,19,23|gcvwr2,gcvwr3,gcvwrd,gcvwrd,gcvwr3,gcvwr3,gcvwrd|Museum,Cultural,Park,Historical,Structure,Structure,Structure|36,36,36,36,36,36,36|3,3,3,3,3,3,3|64,58,41,40,54,49,42|1346832592,1346826926,1346811439,1346810468,1346823810,1346818936,1346812592
8349002@N04|1,2,4,8,15,18,19,29|gcvwr1,gcvwrc,gcvwr9,gcvwr3,gcvwr3,gcvwr1,gcvwr3,gcvwr3|Historical,Historical,Structure,Historical,Structure,Park,Structure,Structure|38,38,38,38,38,38,38,38|1,1,1,1,1,1,2,1|90,95,95,77,70,69,1,91|1190040251,1190044459,1190044597,1190027985,1190022072,1190021037,1190045850,1190040854
83511002@N00|7,11,15,23|gcvy20,gcvwrd,gcvwr3,gcvwrd|Park,Historical,Structure,Structure|29,29,29,29|5,5,5,5|33,44,48,43|1374193604,1374203398,1374207087,1374202568
8389569@N08|8,9,10,17,29|gcvwr3,gcvwr3,gcvwrd,gcvwr3,gcvwr3|Historical,Cultural,Park,Structure,Structure|43,43,43,43,43|3,3,3,3,3|56,56,56,53,62|1319609431,1319609597,1319609587,1319606445,1319615064
8389569@N08|1,2,4,8,9,10,11,15,16,19,23,28,29|gcvwr1,gcvwrc,gcvwr9,gcvwr3,gcvwr3,gcvwrd,gcvwrd,gcvwr3,gcvwr3,gcvwr3,gcvwrd,gcvwr3,gcvwr3|Historical,Historical,Structure,Historical,Cultural,Park,Historical,Structure,Museum,Structure,Structure,Structure,Structure|43,43,43,43,43,43,43,43,43,43,43,43,43|4,4,4,4,4,4,4,4,4,4,4,4,4|37,41,41,44,27,40,41,39,38,39,41,26,71|1319678256,1319682106,1319682133,1319684433,1319669541,1319681333,1319682289,1319680066,1319679208,1319680199,1319682413,1319668329,1319708925
8389569@N08|1,2,4,8,10,11,16,18,29|gcvwr1,gcvwrc,gcvwr9,gcvwr3,gcvwrd,gcvwrd,gcvwr3,gcvwr1,gcvwr3|Historical,Historical,Structure,Historical,Park,Historical,Museum,Park,Structure|43,43,43,43,43,43,43,43,43|5,5,5,5,5,5,5,5,5|55,36,45,54,27,27,54,55,54|1319781241,1319763873,1319771838,1319780655,1319755835,1319756312,1319780614,1319781008,1319780279
8389569@N08|9,10,19|gcvwr3,gcvwrd,gcvwr3|Cultural,Park,Structure|43,43,43|6,6,6|42,28,29|1319855907,1319843645,1319843760
84035351@N00|1,9,18,29|gcvwr1,gcvwr3,gcvwr1,gcvwr3|Historical,Cultural,Park,Structure|17,17,17,17|6,6,6,6|29,50,48,20|1146266982,1146285496,1146283751,1146258259
84035351@N00|9,10,17|gcvwr3,gcvwrd,gcvwr3|Cultural,Park,Structure|17,17,17|7,7,7|22,49,17|1146347090,1146370827,1146342482
84276425@N00|3,4,9,10,18,29|gcvwr2,gcvwr9,gcvwr3,gcvwrd,gcvwr1,gcvwr3|Museum,Structure,Cultural,Park,Park,Structure|14,14,14,14,14,14|6,6,6,6,6,6|62,58,56,61,42,52|1175931528,1175927972,1175926020,1175930541,1175913118,1175922700
84276425@N00|3,9,15,17,18,22,28,29|gcvwr2,gcvwr3,gcvwr3,gcvwr3,gcvwr1,gcvwr1,gcvwr3,gcvwr3|Museum,Cultural,Structure,Structure,Park,Structure,Structure,Structure|14,14,14,14,14,14,14,14|7,7,7,7,7,7,7,7|47,43,53,44,79,83,51,43|1176003980,1176000839,1176010132,1176001591,1176033516,1176036403,1176007742,1176000561
84533614@N00|10,13,23|gcvwrd,gcvwr2,gcvwrd|Park,Cultural,Structure|29,29,29|6,6,6|42,62,44|1342838584,1342855916,1342839895
84533614@N00|3,28,29|gcvwr2,gcvwr3,gcvwr3|Museum,Structure,Structure|30,30,30|1,1,1|50,47,39|1343017803,1343015442,1343008509
84533614@N00|7,8,9,15,19|gcvy20,gcvwr3,gcvwr3,gcvwr3,gcvwr3|Park,Historical,Cultural,Structure,Structure|30,30,30,30,30|2,2,2,2,2|40,62,58,60,64|1343095434,1343115201,1343112167,1343113532,1343116825
84989911@N00|1,2,4,9,17,18,19,23,29|gcvwr1,gcvwrc,gcvwr9,gcvwr3,gcvwr3,gcvwr1,gcvwr3,gcvwrd,gcvwr3|Historical,Historical,Structure,Cultural,Structure,Park,Structure,Structure,Structure|22,22,22,22,22,22,22,22,22|5,5,5,5,5,5,5,5,5|2,19,20,6,24,46,11,9,26|1369931803,1369946975,1369947870,1369935806,1369951927,1369971357,1369939945,1369938244,1369953420
84989911@N00|1,3,4,16,17,28,29|gcvwr1,gcvwr2,gcvwr9,gcvwr3,gcvwr3,gcvwr3,gcvwr3|Historical,Museum,Structure,Museum,Structure,Structure,Structure|22,22,22,22,22,22,22|6,6,6,6,6,6,6|13,42,34,5,1,1,3|1370028544,1370054622,1370047059,1370020925,1370016927,1370017184,1370018987
8503026@N04|1,9,15,29|gcvwr1,gcvwr3,gcvwr3,gcvwr3|Historical,Cultural,Structure,Structure|32,32,32,32|5,5,5,5|49,40,53,41|1281673583,1281665279,1281676846,1281666251
8520591@N03|9,19,22,28,29|gcvwr3,gcvwr3,gcvwr1,gcvwr3,gcvwr3|Cultural,Structure,Structure,Structure,Structure|29,29,29,29,29|1,1,1,1,1|90,88,56,51,90|1247496062,1247493702,1247465517,1247461015,1247495469
85217508@N00|1,9,15,19,29|gcvwr1,gcvwr3,gcvwr3,gcvwr3,gcvwr3|Historical,Cultural,Structure,Structure,Structure|34,34,34,34,34|6,6,6,6,6|56,42,36,41,58|1250921297,1250908715,1250903601,1250907656,1250922696
85217508@N00|11,19,23|gcvwrd,gcvwr3,gcvwrd|Historical,Structure,Structure|35,35,35|2,2,2|70,70,70|1251193382,1251192768,1251192985
85318305@N00|1,3,9,13,16,17,19,29|gcvwr1,gcvwr2,gcvwr3,gcvwr2,gcvwr3,gcvwr3,gcvwr3,gcvwr3|Historical,Museum,Cultural,Cultural,Museum,Structure,Structure,Structure|32,32,32,32,32,32,32,32|1,1,1,1,1,1,1,1|52,83,51,75,53,51,52,56|1375679403,1375707544,1375678515,1375700363,1375680344,1375678665,1375679575,1375682989
85318305@N00|3,9,12,13,17,19,28|gcvwr2,gcvwr3,gcvwr0,gcvwr2,gcvwr3,gcvwr3,gcvwr3|Museum,Cultural,Cultural,Cultural,Structure,Structure,Structure|32,32,32,32,32,32,32|3,2,2,3,3,3,2|82,51,49,66,75,12,91|1375878941,1375764701,1375762913,1375864906,1375872618,1375815722,1375801041
85603833@N00|10,23,28|gcvwrd,gcvwrd,gcvwr3|Park,Structure,Structure|34,34,34|7,7,7|73,71,68|1283076995,1283075397,1283072899
8590701@N06|1,4,8,9,19,29|gcvwr1,gcvwr9,gcvwr3,gcvwr3,gcvwr3,gcvwr3|Historical,Structure,Historical,Cultural,Structure,Structure|26,26,26,26,26,26|1,1,1,1,1,1|36,61,51,54,65,53|1245632918,1245655167,1245646338,1245649471,1245658761,1245647978
86765090@N00|4,11,23,24|gcvwr9,gcvwrd,gcvwrd,gcvwrc|Structure,Historical,Structure,Entertainment|31,31,31,31|2,2,2,2|32,33,34,29|1280793661,1280795307,1280795420,1280790923
87658636@N00|3,9,29|gcvwr2,gcvwr3,gcvwr3|Museum,Cultural,Structure|10,10,10|6,6,6|47,48,47|1236397592,1236398477,1236397568
88185060@N00|1,9,14|gcvwr1,gcvwr3,gcvwqb|Historical,Cultural,Structure|33,33,33|6,6,6|66,63,67|1124526928,1124523904,1124528212
88185060@N00|9,12,15|gcvwr3,gcvwr0,gcvwr3|Cultural,Cultural,Structure|1,1,1|1,1,1|61,64,62|1136186818,1136189200,1136187018
88185060@N00|9,15,23|gcvwr3,gcvwr3,gcvwrd|Cultural,Structure,Structure|19,19,19|6,6,6|45,50,47|1147490289,1147495230,1147492682
88185060@N00|9,15,19|gcvwr3,gcvwr3,gcvwr3|Cultural,Structure,Structure|19,19,19|7,7,7|48,55,50|1147579769,1147586109,1147581054
88185060@N00|3,15,17,18|gcvwr2,gcvwr3,gcvwr3,gcvwr1|Museum,Structure,Structure,Park|21,21,21,21|7,7,7,7|78,82,78,81|1148816237,1148819659,1148815809,1148818803
88185060@N00|3,18,19|gcvwr2,gcvwr1,gcvwr3|Museum,Park,Structure|23,23,23|3,3,3|51,57,52|1149655536,1149661782,1149656649
88185060@N00|4,9,18,24|gcvwr9,gcvwr3,gcvwr1,gcvwrc|Structure,Cultural,Park,Entertainment|23,23,23,23|7,7,7,7|52,53,60,52|1150002590,1150002921,1150009621,1150002476
88185060@N00|4,11,15,23,24|gcvwr9,gcvwrd,gcvwr3,gcvwrd,gcvwrc|Structure,Historical,Structure,Structure,Entertainment|25,25,25,25,25|6,6,6,6,6|44,44,53,45,43|1151118103,1151118899,1151126421,1151119600,1151117746
88185060@N00|9,15,29|gcvwr3,gcvwr3,gcvwr3|Cultural,Structure,Structure|31,31,31|7,7,7|66,56,67|1154853184,1154844760,1154854525
88185060@N00|1,3,9,11|gcvwr1,gcvwr2,gcvwr3,gcvwrd|Historical,Museum,Cultural,Historical|34,34,34,34|7,7,7,7|48,44,63,90|1156651270,1156647639,1156664719,1156689336
89187910@N00|3,9,10,11|gcvwr2,gcvwr3,gcvwrd,gcvwrd|Museum,Cultural,Park,Historical|17,17,17,17|4,4,4,4|55,60,73,40|1303969517,1303974574,1303986051,1303956004
8970099@N04|3,9,17|gcvwr2,gcvwr3,gcvwr3|Museum,Cultural,Structure|32,32,32|3,3,3|56,46,42|1312956504,1312947695,1312943932
8970099@N04|3,9,17,29|gcvwr2,gcvwr3,gcvwr3,gcvwr3|Museum,Cultural,Structure,Structure|26,26,26,26|4,4,4,4|68,70,67,84|1372324407,1372326251,1372322996,1372338222
8970099@N04|4,7,9,10,11,23|gcvwr9,gcvy20,gcvwr3,gcvwrd,gcvwrd,gcvwrd|Structure,Park,Cultural,Park,Historical,Structure|26,26,26,26,26,26|5,5,5,5,5,5|46,41,31,48,49,48|1372390663,1372386513,1372377026,1372392685,1372393321,1372392796
8997662@N06|10,11,15,16,19,23,29|gcvwrd,gcvwrd,gcvwr3,gcvwr3,gcvwr3,gcvwrd,gcvwr3|Park,Historical,Structure,Museum,Structure,Structure,Structure|42,42,42,42,42,42,42|5,5,5,5,5,5,5|56,56,60,60,66,57,59|1192773798,1192774189,1192777720,1192777469,1192783385,1192774822,1192776564
8997662@N06|1,19,29|gcvwr1,gcvwr3,gcvwr3|Historical,Structure,Structure|42,42,42|6,6,6|47,59,55|1192852651,1192862752,1192859234
8997662@N06|2,4,8,15,18,19,24|gcvwrc,gcvwr9,gcvwr3,gcvwr3,gcvwr1,gcvwr3,gcvwrc|Historical,Structure,Historical,Structure,Park,Structure,Entertainment|42,42,42,42,42,42,42|7,7,7,7,7,7,7|43,38,66,66,65,67,39|1192935181,1192930600,1192956068,1192955846,1192955234,1192956320,1192931503
8997662@N06|3,4,8,16,18,19,24,29|gcvwr2,gcvwr9,gcvwr3,gcvwr3,gcvwr1,gcvwr3,gcvwrc,gcvwr3|Museum,Structure,Historical,Museum,Park,Structure,Entertainment,Structure|43,43,43,43,43,43,43,43|1,1,1,1,1,1,1,1|55,44,44,49,41,44,43,45|1193032275,1193022025,1193022641,1193026821,1193019941,1193022417,1193021728,1193022915
90001203@N00|1,9,29|gcvwr1,gcvwr3,gcvwr3|Historical,Cultural,Structure|46,46,46|6,6,6|37,37,37|1321665649,1321665414,1321665983
90001203@N00|9,12,17,29|gcvwr3,gcvwr0,gcvwr3,gcvwr3|Cultural,Cultural,Structure,Structure|32,32,32,32|6,6,6,6|46,39,42,42|1344656543,1344650164,1344652819,1344652551
90113037@N00|3,15,17|gcvwr2,gcvwr3,gcvwr3|Museum,Structure,Structure|25,25,25|2,2,2|57,61,59|1150784930,1150788121,1150786500
9047223@N07|6,18,29|gcvwdd,gcvwr1,gcvwr3|Structure,Park,Structure|12,12,12|1,1,1|78,78,78|1269257666,1269257667,1269257667
90585585@N00|1,8,24|gcvwr1,gcvwr3,gcvwrc|Historical,Historical,Entertainment|47,47,47|4,5,4|47,7,72|1164253742,1164304668,1164276457
90585585@N00|9,19,28|gcvwr3,gcvwr3,gcvwr3|Cultural,Structure,Structure|32,32,32|6,6,6|39,39,64|1249696777,1249696432,1249718723
91357983@N05|8,11,12|gcvwr3,gcvwrd,gcvwr0|Historical,Historical,Cultural|14,14,14|1,1,1|27,27,27|1364770543,1364770575,1364770625
9156485@N02|8,9,15,16,29|gcvwr3,gcvwr3,gcvwr3,gcvwr3,gcvwr3|Historical,Cultural,Structure,Museum,Structure|27,27,27,27,27|3,3,3,3,3|60,55,59,52,55|1120633264,1120629436,1120632993,1120626633,1120628910
9159505@N02|1,9,29|gcvwr1,gcvwr3,gcvwr3|Historical,Cultural,Structure|22,22,22|3,3,3|62,66,63|1180510514,1180513858,1180511698
9159505@N02|2,4,8,10,11,19,23,24|gcvwrc,gcvwr9,gcvwr3,gcvwrd,gcvwrd,gcvwr3,gcvwrd,gcvwrc|Historical,Structure,Historical,Park,Historical,Structure,Structure,Entertainment|22,22,22,22,22,22,22,22|6,6,6,6,6,6,6,6|51,53,63,61,62,58,60,53|1180760167,1180761765,1180770832,1180769250,1180770120,1180765967,1180768340,1180761611
92134758@N00|8,15,19|gcvwr3,gcvwr3,gcvwr3|Historical,Structure,Structure|33,33,33|2,2,2|67,65,66|1249980429,1249978656,1249980099
92237387@N00|8,9,15,18,19|gcvwr3,gcvwr3,gcvwr3,gcvwr1,gcvwr3|Historical,Cultural,Structure,Park,Structure|36,36,36,36,36|7,7,7,7,7|47,47,56,50,46|1157860592,1157860703,1157868589,1157862888,1157859319
92237387@N00|2,7,24|gcvwrc,gcvy20,gcvwrc|Historical,Park,Entertainment|37,37,37|1,1,1|48,35,31|1157947660,1157936299,1157932272
92742787@N04|3,9,10,29|gcvwr2,gcvwr3,gcvwrd,gcvwr3|Museum,Cultural,Park,Structure|36,36,36,36|1,1,1,1|55,58,62,58|1378101584,1378103942,1378107879,1378103891
9351020@N06|1,9,15|gcvwr1,gcvwr3,gcvwr3|Historical,Cultural,Structure|26,26,26|2,2,2|71,73,74|1372153740,1372156126,1372156236
9351020@N06|9,19,29|gcvwr3,gcvwr3,gcvwr3|Cultural,Structure,Structure|26,26,26|3,3,3|37,51,40|1372209482,1372222281,1372212348
9351020@N06|1,19,29|gcvwr1,gcvwr3,gcvwr3|Historical,Structure,Structure|26,26,26|5,5,5|45,60,45|1372389407,1372403223,1372389756
93511097@N00|9,17,29|gcvwr3,gcvwr3,gcvwr3|Cultural,Structure,Structure|24,24,24|2,2,2|53,51,50|1150176118,1150174211,1150173524
9352211@N06|1,8,9,12,18,29|gcvwr1,gcvwr3,gcvwr3,gcvwr0,gcvwr1,gcvwr3|Historical,Historical,Cultural,Cultural,Park,Structure|12,12,12,12,12,12|7,7,7,7,7,7|71,39,72,64,67,72|1332668896,1332640163,1332670438,1332662696,1332665723,1332669649
9352211@N06|9,15,29|gcvwr3,gcvwr3,gcvwr3|Cultural,Structure,Structure|14,14,14|6,6,6|38,34,45|1333762993,1333759280,1333768574
94735786@N00|1,8,15,19,29|gcvwr1,gcvwr3,gcvwr3,gcvwr3,gcvwr3|Historical,Historical,Structure,Structure,Structure|13,13,13,13,13|2,2,2,2,2|60,46,45,66,63|1364281350,1364269168,1364268450,1364286682,1364284507
94735786@N00|1,2,3,4,8,12,17,19,28,29|gcvwr1,gcvwrc,gcvwr2,gcvwr9,gcvwr3,gcvwr0,gcvwr3,gcvwr3,gcvwr3,gcvwr3|Historical,Historical,Museum,Structure,Historical,Cultural,Structure,Structure,Structure,Structure|13,13,13,13,13,13,13,13,13,13|3,3,3,3,3,3,3,3,3,3|48,48,60,48,57,66,60,60,47,47|1364357093,1364357226,1364367621,1364356924,1364365056,1364373123,1364367855,1364368135,1364356424,1364356156
94735786@N00|1,8,15,19|gcvwr1,gcvwr3,gcvwr3,gcvwr3|Historical,Historical,Structure,Structure|13,13,13,13|4,4,4,4|38,36,38,37|1364434566,1364432872,1364434573,1364433843
94735786@N00|1,2,3,8,9,10,15,17,19,22,27,29|gcvwr1,gcvwrc,gcvwr2,gcvwr3,gcvwr3,gcvwrd,gcvwr3,gcvwr3,gcvwr3,gcvwr1,gcvwq9,gcvwr3|Historical,Historical,Museum,Historical,Cultural,Park,Structure,Structure,Structure,Structure,Museum,Structure|13,13,13,13,13,13,13,13,13,13,13,13|5,5,5,5,5,5,5,5,5,5,5,5|54,56,55,50,59,56,53,60,65,49,59,54|1364535432,1364537049,1364536122,1364531877,1364539972,1364537621,1364534190,1364540830,1364545243,1364531126,1364539781,1364535586
94869158@N00|8,15,29|gcvwr3,gcvwr3,gcvwr3|Historical,Structure,Structure|31,31,31|3,3,3|39,37,39|1185932873,1185931684,1185933520
9588476@N02|8,15,18|gcvwr3,gcvwr3,gcvwr1|Historical,Structure,Park|49,49,49|2,2,2|45,43,43|1291691735,1291690623,1291690306
9588476@N02|1,4,9,12,29|gcvwr1,gcvwr9,gcvwr3,gcvwr0,gcvwr3|Historical,Structure,Cultural,Cultural,Structure|18,18,18,18,18|1,1,1,1,1|60,62,61,60,61|1304320418,1304321820,1304320988,1304320288,1304320744
95974557@N08|8,16,19|gcvwr3,gcvwr3,gcvwr3|Historical,Museum,Structure|51,51,51|6,6,6|35,35,25|1356137492,1356137530,1356128797
96241281@N00|9,11,17|gcvwr3,gcvwrd,gcvwr3|Cultural,Historical,Structure|16,16,16|6,6,6|23,15,26|1177106201,1177099074,1177108515
96241281@N00|1,3,8,11,29|gcvwr1,gcvwr2,gcvwr3,gcvwrd,gcvwr3|Historical,Museum,Historical,Historical,Structure|16,16,16,16,16|7,7,7,7,7|29,36,20,21,30|1177197939,1177204169,1177189877,1177190146,1177198617
96721948@N00|1,4,9,10,11,17,29|gcvwr1,gcvwr9,gcvwr3,gcvwrd,gcvwrd,gcvwr3,gcvwr3|Historical,Structure,Cultural,Park,Historical,Structure,Structure|47,47,47,47,47,47,47|3,3,3,3,3,3,3|39,30,40,27,28,41,49|1195609691,1195601461,1195611214,1195598741,1195599682,1195611693,1195619004
97206958@N00|1,19,23|gcvwr1,gcvwr3,gcvwrd|Historical,Structure,Structure|7,7,7|4,4,4|65,65,64|1360830479,1360829838,1360829569
97534175@N00|1,3,9,29|gcvwr1,gcvwr2,gcvwr3,gcvwr3|Historical,Museum,Cultural,Structure|33,33,33,33|2,2,2,2|33,46,34,34|1187050792,1187062325,1187051702,1187051513
97534175@N00|3,9,17,29|gcvwr2,gcvwr3,gcvwr3,gcvwr3|Museum,Cultural,Structure,Structure|33,33,33,33|4,4,4,4|65,64,65,44|1187252200,1187251945,1187252146,1187233425
97595808@N00|4,10,11,24|gcvwr9,gcvwrd,gcvwrd,gcvwrc|Structure,Park,Historical,Entertainment|49,49,49,49|1,1,1,1|48,52,45,47|1291608534,1291612464,1291605698,1291607999
97595808@N00|3,13,17,28|gcvwr2,gcvwr2,gcvwr3,gcvwr3|Museum,Cultural,Structure,Structure|38,38,38,38|6,6,6,6|57,57,43,58|1316845774,1316845624,1316833040,1316845968
97768382@N00|1,2,4,8,9,23,29|gcvwr1,gcvwrc,gcvwr9,gcvwr3,gcvwr3,gcvwrd,gcvwr3|Historical,Historical,Structure,Historical,Cultural,Structure,Structure|34,34,34,34,34,34,34|7,7,7,7,7,7,7|55,61,61,30,36,58,52|1188107108,1188112731,1188113086,1188085271,1188090725,1188109983,1188104980
9788232@N03|1,8,19|gcvwr1,gcvwr3,gcvwr3|Historical,Historical,Structure|38,38,38|2,2,2|35,58,37|1316479585,1316500218,1316481931
9813542@N08|1,8,9,15,16,19|gcvwr1,gcvwr3,gcvwr3,gcvwr3,gcvwr3,gcvwr3|Historical,Historical,Cultural,Structure,Museum,Structure|37,37,37,37,37,37|6,6,6,6,6,6|51,47,54,47,47,45|1189832189,1189828211,1189834287,1189828709,1189828199,1189826564
98833136@N00|9,10,11|gcvwr3,gcvwrd,gcvwrd|Cultural,Park,Historical|52,52,52|4,4,4|67,72,71|1293699470,1293703422,1293703066
99185699@N00|8,16,29|gcvwr3,gcvwr3,gcvwr3|Historical,Museum,Structure|39,39,39|3,3,3|33,34,33|1380068837,1380069217,1380068668
99646216@N00|2,4,24|gcvwrc,gcvwr9,gcvwrc|Historical,Structure,Entertainment|22,22,22|4,4,4|46,46,46|1275536072,1275535862,1275536406
99646216@N00|4,8,15|gcvwr9,gcvwr3,gcvwr3|Structure,Historical,Structure|51,51,51|1,1,1|46,41,40|1292816240,1292811775,1292811154
99962592@N00|1,8,15|gcvwr1,gcvwr3,gcvwr3|Historical,Historical,Structure|35,35,35|6,6,6|57,33,34|1157178098,1157156733,1157157143
